datetime,GHI,GHIcs,k,GHI_d1,GHIcs_d1,k_d1,GHI_d2,GHIcs_d2,k_d2,GHI_d3,GHIcs_d3,k_d3,month,day,hour,year
2016-01-08,67.83807814537036,215.9287455091551,0.31830570694891536,-1.7308101211993147e-05,-3.813200491492107e-06,-5.126544775077747e-07,5.7410163725578446e-08,-2.8113775493159303e-07,6.107152142842296e-09,-5.364660854772765e-07,-3.0054688265163426e-08,-1.721177996808584e-08,0.25881904510252074,0.09466165279117066,0.95504072163091,2016
2016-01-15,135.8024310245459,228.19087422927103,0.6035013849469102,0.00010769191085431258,1.0060635933645318e-06,3.5509492254677446e-06,-1.3619479983484864e-07,-2.565240295178658e-09,-1.3036068854961207e-09,3.2716157655800453e-06,3.095147988951994e-08,1.0691955882968069e-07,0.25881904510252074,0.15443466792112637,0.9529091226432896,2016
2016-01-22,222.11491045852821,245.63821965384423,0.9378441911284658,2.286488697964595e-05,-6.22460640832889e-07,7.825247438139868e-07,-6.085711363385101e-08,-2.216600032181527e-09,-1.203858264457761e-09,7.042037434796488e-07,-1.8008839215113064e-08,2.3836899793758576e-08,0.25881904510252074,0.21345213722480025,0.9506181993492248,2016
2016-01-29,140.32417997122667,259.31905926930966,0.5533785398404045,-0.00010382692307692285,1.9690067188472575e-07,-3.4539417598237824e-06,2.019230769242811e-08,-2.5320792462176434e-09,-2.421303437512059e-09,-3.120865384615395e-06,6.666643930232529e-09,-1.028918617634591e-07,0.3977647846475445,0.27209942630557493,0.947362233075976,2016
2016-02-05,131.860703750332,277.48042860142215,0.517366812123687,3.616075605876308e-05,-2.880091976961201e-07,1.2076269750413585e-06,-5.4739403013009464e-08,-2.23240627188449e-09,-6.30684041843565e-10,1.1012445026669523e-06,-7.970554048787997e-09,3.6418014463794214e-08,0.5,0.32935205884139385,0.9428942845134601,2016
2016-02-12,138.79563485088238,295.40038525380953,0.49403107415836606,-5.568883671073075e-06,-1.847046312926248e-07,-1.805742719738842e-07,1.1280690112786217e-07,-3.180250362025452e-09,3.627207805137297e-09,-2.0090858047075338e-07,-4.5870638304179115e-09,-6.505390500758202e-09,0.5,0.38344379259145134,0.9370147929626372,2016
2016-02-19,194.29692860243054,312.6794826053478,0.6365495127157265,3.4722222222233436e-07,1.688337047653883e-06,-3.050991110282414e-08,7.595486111179617e-08,-5.933751394264596e-09,2.5792643352114266e-09,-1.236979166692866e-08,5.2430236847674465e-08,-1.6890766336506897e-09,0.49999999999999994,0.43020212757944293,0.934029827300718,2016
2016-02-26,193.0999739723748,351.2421366712548,0.5714186626376357,-4.444263230860742e-07,-8.083256465986173e-07,5.3385503425389744e-09,-1.3577428035518446e-07,-2.127017431066877e-09,-4.393204651529241e-09,2.739949441411285e-08,-2.3611664168352992e-08,1.478117905734056e-09,0.5898143898189725,0.4938793747728478,0.92904388560341,2016
2016-03-04,265.31295746451747,376.9208620849223,0.7056842031440785,0.00015520874128612926,-1.387764468896544e-07,5.1713106673611916e-06,-1.3707213910872848e-07,-1.6924096424745298e-09,7.95313492199858e-10,4.697383880316423e-06,-3.6555705140185774e-09,1.5490072597317603e-07,0.7071067811865476,0.5453215565616585,0.9230339774194859,2016
2016-03-11,314.41568644747747,388.5306135421514,0.8368837336299313,1.891417832532648e-05,4.238936312287418e-07,5.985275364015313e-07,1.4032157026558457e-07,-1.3185858284821634e-09,5.3145759705057615e-09,5.253288786805909e-07,1.311238468553528e-08,1.636145330089305e-08,0.7071067811865476,0.5937985714269165,0.9148475834564185,2016
2016-03-18,413.07401535534865,414.18691717849566,1.0418154423655772,-0.00011222448149654363,-3.6215937824920056e-07,-3.7084101336703183e-06,7.320048800307136e-08,1.2605530644616274e-08,-1.9304059097318797e-09,-3.388694591297216e-06,-1.464644054066096e-08,-1.1067318223719105e-07,0.7071067811865476,0.640515099233764,0.9100195788380742,2016
2016-03-25,237.95128991350967,446.13796920940564,0.5950538738155245,-5.74069518152746e-05,9.293327632537969e-07,-1.9338748422171422e-06,2.9522370224375994e-08,-1.1112628667448793e-08,-5.635355870190076e-10,-1.7310652655255282e-06,3.121377149750528e-08,-5.784718459040815e-08,0.7071067811865476,0.6870652773016043,0.9054317990672607,2016
2016-04-01,263.5503008279358,475.2015604238857,0.5668755731913279,-3.585665818490266e-05,-3.54420104335813e-07,-1.1780941622071756e-06,-1.6044670624847839e-07,9.490044679676892e-10,-6.472726661806468e-09,-1.027565733672954e-06,-1.0917304470539584e-08,-3.340100686767323e-08,0.8660254037844387,0.7295197008020756,0.9044176070616406,2016
2016-04-08,320.48915735152804,482.2687129386817,0.6756930839791867,7.747414334335663e-05,-4.6558156523461005e-07,2.5829976706417963e-06,1.3217460265041777e-07,1.357201073521198e-09,6.916657504833364e-09,2.2845719195053356e-06,-1.4374607279574909e-08,7.541493286780408e-08,0.8660254037844386,0.7693866535310515,0.8921419010196823,2016
2016-04-15,306.65116639105463,496.67012030551376,0.6267018535558857,-2.1050262083161434e-05,7.386812916220906e-07,-7.240001111253069e-07,-9.64723285141083e-10,1.2698459049303514e-09,-8.148216896587935e-10,-6.312184455094068e-07,2.1779484977442925e-08,-2.14755568268615e-08,0.8660254037844386,0.8064518494875832,0.886339602033145,2016
2016-04-22,333.23047125417156,514.1407491229538,0.6968647886292952,0.00016973240313124388,-5.355374872958607e-07,5.649638886799437e-06,-4.8802856113747456e-08,2.08386643925473e-09,3.834706537996919e-09,5.106612950771271e-06,-1.6691284550279585e-08,1.6833875464258412e-07,0.8660254037844386,0.8399838325865255,0.8861694977558109,2016
2016-04-29,403.33295773871396,519.0876935011952,0.8505919508580214,7.873919550411866e-06,-2.541660515312324e-09,2.615193544772599e-07,-2.26016309826032e-08,1.8596905035796898e-09,-6.574850017340295e-10,2.429980758072831e-07,-6.341569658797405e-10,8.042826134837882e-09,0.9376103832408118,0.8716307572103315,0.8768220751130634,2016
2016-05-06,397.6962227728224,525.4574561893456,0.7766938270552879,-0.00019212841997777604,-1.4780992729045416e-07,-6.37242256720173e-06,7.47815118482954e-08,1.9127166951882575e-09,-3.655226029692642e-09,-5.7862870528873534e-06,-5.008112827504259e-09,-1.9007610920714443e-07,0.9659258262890683,0.899538778712841,0.8707592371737451,2016
2016-05-13,372.865987962837,526.6552357949403,0.7181877002153648,0.00010402574079616937,5.089098588520468e-07,3.4270972192235214e-06,-1.4612391499549427e-06,1.572883014936403e-09,-4.4770891353394956e-08,3.559143968871923e-06,1.4795430861304034e-08,1.1624418398272207e-07,0.9659258262890683,0.9241197008307148,0.8639841250028566,2016
2016-05-20,397.5708375402137,536.3189354764104,0.7889392065288057,7.581524140572025e-05,-5.792529124842776e-07,2.5570790724112433e-06,5.216955842932085e-07,1.8135992916837983e-09,1.909673891294406e-08,2.1179485668836314e-06,-1.7921667162336835e-08,7.098335049845368e-08,0.9659258262890684,0.9454378720265002,0.8621935383866948,2016
2016-05-27,297.9069647307224,538.1723741140636,0.5349200310333013,-0.00020359392898052742,5.778300778769746e-07,-6.779135468063294e-06,9.324169530354673e-07,1.0806607727226145e-09,2.4640460132908484e-08,-6.387542955326618e-06,1.701070410429454e-08,-2.1076620208177146e-07,0.9757275180108984,0.9633591801024827,0.859003504917876,2016
2016-06-03,341.3557672593922,534.1322461916733,0.6609509722577973,0.00020762268297620033,-1.6162675717395967e-07,6.87551704917998e-06,-1.2145397761677595e-07,1.0777759787931857e-09,1.9772488486612715e-09,6.265116682570966e-06,-5.172135508713928e-09,2.0567233682080096e-07,1.0,0.9777247986754831,0.8552675633324512,2016
2016-06-10,299.4132297520661,539.1400238164106,0.5720340568384278,-0.0001693160444571093,-3.5623745312173745e-08,-5.604778378399623e-06,5.5571387860055426e-08,6.033406386320252e-10,-3.0588026469332848e-09,-5.096152750071405e-06,-1.2497145513025657e-09,-1.6722571055790976e-07,1.0,0.9885110343591864,0.8558881193077194,2016
2016-06-17,397.07048746031955,534.3060848242501,0.7777104032016124,2.596933658117344e-05,-1.0132638480262082e-07,8.635625394884564e-07,3.2669436882050037e-08,-1.3961205881826442e-10,1.8239067929200825e-09,7.692792663704725e-07,-2.997907926126201e-09,2.535970414677758e-08,1.0,0.9958017956730301,0.8535377088267673,2016
2016-06-24,478.45983011638214,535.9752816446631,0.9320860114829154,0.0002240370592776867,-2.521817953158439e-07,7.4594276100034645e-06,-9.75093649025793e-08,-4.4739125250441026e-10,3.3123590209661e-09,6.750364587801485e-06,-7.43123648328678e-09,2.227891205938141e-07,1.0,0.9993991305989841,0.8543252484597447,2016
2016-07-01,492.74846936344795,540.2357785574468,0.9858915822708213,-3.1831033702782326e-05,3.062371847747362e-08,-1.0619278875507692e-06,6.84234336124201e-08,-8.943649173347687e-10,1.4223851579568447e-09,-9.754580411671714e-07,1.1870210295083713e-09,-3.228455217391088e-08,0.9659258262890683,0.9994001708288648,0.8581141643294243,2016
2016-07-08,362.9955406210981,536.1790220181076,0.7214882737756447,-0.00019557171183079994,2.17296378882656e-07,-6.50898690806804e-06,1.1207218598218577e-07,-1.2895834257724637e-09,-2.0199408855493394e-09,-5.900773010718367e-06,6.905766394438096e-09,-1.9466362497637608e-07,0.9659258262890682,0.9957855110918142,0.8596352078411714,2016
2016-07-15,511.90755550206256,528.8328687483504,1.014074575808023,-2.0679216204317358e-05,-4.070732114043011e-07,-6.740622071943063e-07,-1.9154557463675355e-07,-2.8524428305993975e-09,-6.812763047307131e-09,-5.629128137375582e-07,-1.1356463493193814e-08,-1.8178037301636834e-08,0.9659258262890684,0.9869916558918499,0.8579585779561039,2016
2016-07-22,442.25364184803067,531.6324002707025,0.8492450170215824,0.0002023957779208763,2.211382103356789e-07,6.705958539182399e-06,-3.020970406204008e-08,-2.004751011077945e-09,5.317638588024936e-09,6.080936248844839e-06,7.235571613418294e-09,1.995834645990651e-07,0.9659258262890683,0.9778611902722166,0.8655221243348921,2016
2016-07-29,380.1771676916295,514.8509800988987,0.7836526429666134,-0.0002743210044651734,4.011663746704408e-07,-9.099370958438477e-06,8.814034371034919e-08,-2.216038793734745e-09,-5.587284303397037e-09,-8.256072237068681e-06,1.2699802878289936e-08,-2.713049434621348e-07,0.9065641635126482,0.9630532677386524,0.8671304728634912,2016
2016-08-05,444.42651648094454,509.04252868264683,0.9209126149274746,0.00014989575435936476,-4.2476470630161146e-07,4.97396858504913e-06,7.852022882353288e-07,-1.922823536018219e-09,3.0657867230295536e-08,4.261311944310186e-06,-1.2166094128317841e-08,1.4002169738238404e-07,0.8660254037844387,0.9455738023108003,0.8720842656194101,2016
2016-08-12,472.3304241639524,519.1369571253591,0.9536610699202693,-0.00011270096463022536,-3.8089784113358364e-07,-3.731530156406607e-06,-8.331189710609994e-07,-1.6872901800079546e-09,-3.097310677663167e-08,-3.131093247588408e-06,-1.0920748179992488e-08,-1.026539726592098e-07,0.8660254037844387,0.9244316365890689,0.8867588333131265,2016
2016-08-19,413.1147273726053,491.78620753038314,0.9143909606805831,0.00018100769912107165,1.527268562874135e-08,6.026680688357399e-06,-1.120801253660436e-07,-1.3527079040964587e-09,2.4149128463757255e-09,5.46385501124228e-06,8.639929403907901e-10,1.8007594679680937e-07,0.8660254037844387,0.89997116990521,0.8820607994985543,2016
2016-08-26,438.8049037851175,490.9463294572881,0.9345733828619858,1.2687840958533532e-05,4.4841640403385767e-07,3.8623016201572526e-07,-7.296094246791088e-08,-1.1980736150734692e-09,-1.9263867419605508e-09,4.0252351149635375e-07,1.381191420570559e-08,1.2164820883060856e-08,0.8450908444435873,0.8718860310678709,0.8939801427854484,2016
2016-09-02,379.6179780373845,464.8843847050878,0.8782253231766187,1.354311484859743e-05,-1.9812856939110382e-07,4.6577826732379544e-07,8.239801973500969e-08,-5.47576144779022e-10,3.2324419392296157e-09,3.8157403953698303e-07,-5.7795842379516744e-09,1.3003615437944975e-08,0.7071067811865476,0.8406181509369378,0.8954505141113296,2016
2016-09-09,399.0722093178733,451.2895595327295,0.9240569827417728,0.0026643885270014713,0.0031484074476822795,-8.592411421599524e-06,-1.5906703088884635e-05,4.7638600636595505e-08,-3.2952975761945383e-08,8.470366673671023e-05,9.443793185027742e-05,-2.4788644991940303e-07,0.7071067811865476,0.8122863905891974,0.8955161597583078,2016
2016-09-16,431.93008970933624,505.3060512356215,0.8505870168108082,-0.014007025819265143,-0.015000738218804611,-2.4381141841521176e-07,0.00013802135054617745,-1.1627890560107925e-06,2.0329764527665116e-07,-0.00046161717974180797,-0.00044967330984733284,-6.830363613544503e-08,0.7071067811865476,0.7578109366393486,0.9454699365708359,2016
2016-09-30,408.7352506106248,413.3882333492229,0.955220518004827,-0.011029970263381478,-0.012623310828472279,2.0813359139297462e-05,1.1314783347493148e-05,6.243732682921189e-07,6.700706353226987e-08,-0.00033429354290569386,-0.00037888663683465553,6.042986551192407e-07,0.5,0.6680638642135335,0.9653669688421612,2016
2016-10-07,239.5897797836838,357.470510412513,0.7038052092897266,-0.00012334043665313083,3.0768667939776995e-07,-4.091972320632952e-06,5.749668288346097e-08,1.6506874984512896e-09,-2.2734364259140954e-09,-3.7174621044593927e-06,8.735394132125252e-09,-1.220771386912143e-07,0.49999999999999994,0.6421068309311875,0.9200361573938868,2016
2016-10-14,215.06680866541208,333.2775153813565,0.6293180336915765,6.470957482423795e-05,-9.874193087302572e-07,2.1691166750390564e-06,2.259792433877668e-08,2.7055016481345654e-09,2.8483502838321102e-09,1.934507867425312e-06,-3.043422975676438e-08,6.42189951660224e-08,0.5,0.594798683647109,0.924994336176976,2016
2016-10-21,201.94069466610463,309.35045029745834,0.6704815411337537,8.721056992130241e-08,6.193750060029744e-07,-1.5883362386656307e-08,-2.3546853878732184e-08,2.645175623657237e-09,-8.865864924673638e-10,9.680373261346467e-09,1.7787697492759766e-08,-2.1052492385924642e-10,0.5,0.5453311049478854,0.9295458690367905,2016
2016-10-28,229.68865359851438,286.0941906424905,0.8124184427116696,3.2426901914419814e-05,1.0959116977554754e-07,1.0711964577287687e-06,-9.549361102475284e-09,3.3436349539149494e-09,5.83635218270246e-10,9.756718657633825e-07,2.2846446068910476e-09,3.196080316638137e-08,0.3978838674434802,0.4938837786005251,0.9342046786225531,2016
2016-11-04,110.71215404304043,264.1540855585868,0.43744510982249873,-6.112718819678305e-05,3.8735633723024314e-07,-2.034724186958317e-06,-4.483134873581431e-08,3.6080300765427845e-09,-3.455786587754176e-09,-1.8203662412825374e-06,1.0538281093747343e-08,-6.000498963242294e-08,0.258819045102521,0.4406452345425555,0.9382955928531618,2016
2016-11-11,160.3283093634165,244.3433842137832,0.6713767031777589,0.00029284020160094833,-6.369965960510425e-07,9.73397838917408e-06,-1.1340053364954617e-07,3.728391883307152e-09,4.795836593632536e-09,8.819226208123452e-06,-2.0228415446567126e-08,2.9058060069713316e-07,0.258819045102521,0.3857875370142667,0.9418358753766692,2016
2016-11-18,123.92120097838765,228.63926162000237,0.5601855012125826,-0.0005458056742411921,0.0023934743605379095,-2.1502833072202302e-05,-9.114909051483822e-06,3.163049136428431e-07,-3.818228911435534e-08,-1.3639697511790135e-05,7.170933934204447e-05,-6.336303054317614e-07,0.258819045102521,0.33978996146534485,0.9396276805361466,2016
2016-12-02,310.353636363636,219.39584466812317,1.4145830192595639,29.651181818181776,-10.508488882601238,0.13719246523581946,3.0810333333333286,-1.052049592562065,0.014076769444223352,-0.03477454545454532,0.00036021129058229915,-0.00010725687619242175,1.2246467991473532e-16,0.20510449986861956,0.9914448613738104,2016
2016-12-09,108.33169393532398,217.50692759799537,0.524331859068455,-0.002305586006594892,-0.001515434395564666,-5.372081717016713e-06,-0.00023752807925519887,8.393373973757344e-05,-1.0970210025116793e-06,2.090843578712755e-06,-7.0643153788212e-05,1.6794384924300265e-07,1.2246467991473532e-16,0.15976250181728957,0.9589986322009592,2016
2016-12-16,138.8599560693814,211.34906709193746,0.6418694648971214,-5.881957666032126e-05,-1.2846178447057062e-06,-1.9276171979889834e-06,3.135849479208159e-08,2.808050615659968e-09,-6.648457226828634e-10,-1.7739948482473372e-06,-3.9380950525688874e-08,-5.76290622228626e-08,1.2246467991473532e-16,0.10236560225500228,0.9574629479815255,2016
2016-12-23,191.80345426120167,201.2458298861672,1.0086838125285558,0.00028547701815372756,1.0521955795933e-06,9.430086422970662e-06,-1.6277658224340103e-07,-3.659209689674304e-10,2.651404756054342e-09,8.613143519284616e-06,3.1675643679014586e-08,2.821071712623031e-07,1.2246467991473532e-16,0.03438850838906266,0.9565639126223443,2016
2016-12-30,123.09192304894901,205.48887477080763,0.6284923731257503,-0.0001906611389919265,-1.3592722394294057e-07,-6.306294368578887e-06,1.8710451669219606e-07,-1.4270884712825858e-09,8.525623600067088e-10,-5.775965524765415e-06,-3.6496901771224653e-09,-1.894445997653697e-07,0.18529026554252034,0.017291072237047213,0.9564618484646502,2016
2017-01-06,139.4215898035993,213.95095009051744,0.6646646474280842,-0.0001517418801586451,-6.536336168084769e-07,-5.023121807644053e-06,2.358237753237598e-08,-2.416352007714279e-09,-3.5114628714412774e-09,-4.5593311180191626e-06,-1.8884102901869855e-08,-1.4964021536788885e-07,0.25881904510252074,0.07750373391170391,0.9553337028096682,2017
2017-01-13,9.380726665005614,224.31901838051027,0.04558566108772869,-1.408844146945662e-05,-1.5170934209125353e-07,-4.681437748938008e-07,6.3247773151401495e-09,-2.5613125742457582e-09,-1.9239607275586297e-10,-4.2455067727822157e-07,-3.7828864903668896e-09,-1.3986594424987217e-08,0.25881904510252074,0.13698882275136245,0.9526875613659761,2017
2017-01-20,4.847119327553538,236.7486250503882,0.024700423246513403,-1.6250562303193835e-06,1.2642714303665842e-06,-5.781969233676716e-08,1.855600539810909e-08,-2.9460274574994238e-09,5.62044402570526e-10,-5.431848852901882e-08,3.8811951148297646e-08,-1.9032040908741467e-09,0.25881904510252074,0.1958135350779619,0.9493761657415858,2017
2017-01-27,26.805996947414325,272.5680888825344,0.11195698866183441,0.00017772364325348492,0.001654225630657615,2.0896063585284776e-07,-1.5022330491271093e-07,-1.3614916261540564e-07,-2.7073343224878328e-09,5.376776289078376e-06,4.96676136685131e-05,7.081019372331934e-09,0.34499007243089336,0.2646248392081057,0.9551193956403018,2017
2017-02-03,87.76200456668234,278.5957974917521,0.32791472560604207,-3.6107193229904572e-06,-0.0006906534680353953,2.2596861772372182e-06,4.9647390691250327e-08,5.146942990152071e-08,2.923891642734345e-09,-1.232157968970083e-07,-2.0735044870032603e-05,6.691341782429644e-08,0.5,0.31731602595788866,0.945753510957057,2017
2017-02-10,262.9908316444864,302.4421988482714,0.8911163552357882,9.473757742281022e-05,8.808395072973997e-07,3.11611504396907e-06,-1.5414706841134495e-07,-2.931468443190739e-09,-2.0427725210067587e-09,2.8883714432075375e-06,2.730462575179411e-08,9.409628307537384e-08,0.5,0.3690831058877099,0.9426516532590904,2017
2017-02-17,312.9837146555937,319.79933240519887,1.0357142065175824,-1.0234781386195565e-05,-9.69729305318474e-07,-3.026993045205985e-07,4.170767140006489e-08,-3.170272897695763e-09,1.20124913053545e-09,-3.195557430056686e-07,-2.8140797290243845e-08,-9.441353874779354e-09,0.5,0.42597682668747183,0.9324420136195705,2017
2017-02-24,202.40677872290638,346.770912092268,0.6170073734005111,1.8282264026944685e-05,-1.5197730780571276e-07,6.146968643221885e-07,-2.5466195678317282e-08,-2.5003880874651247e-09,-1.3100483331891804e-10,5.561077795121528e-07,-3.809202807833015e-09,1.8480207379661555e-08,0.5600495674195285,0.4788416795224731,0.9300922644870344,2017
2017-03-03,172.96152745247747,376.70367914058863,0.5111557729814378,0.00025643702572423945,0.001794569838336618,-4.929953457092504e-06,4.7212809621544427e-07,-3.470145971951961e-08,-4.033780978062767e-10,7.551472342862546e-06,5.384750558801367e-05,-1.4777759028343343e-07,0.7071067811865476,0.5288713699596771,0.9243960693273217,2017
2017-03-10,432.1022110123076,403.7803011627334,1.1433870373158097,-0.0002375719950901702,-0.003547547771149674,1.8537026948037093e-05,-1.1785950335185353e-06,6.010325823138856e-08,2.1154058645809196e-09,-6.773581342649087e-06,-0.00010644446411196052,5.554761866817384e-07,0.7071067811865476,0.5948709643109599,0.9247705551611789,2017
2017-03-17,325.244241664712,421.01613208453233,0.7711654077998218,-9.189458164393615e-05,-1.1357470462979699e-06,-2.979964796346865e-06,1.6918540361224687e-07,9.871091860019598e-11,2.5151597437519853e-09,-2.8075930704019244e-06,-3.4102024664950124e-08,-9.015349181353107e-08,0.7071067811865476,0.6288529469259141,0.9122994535923908,2017
2017-03-24,406.38710441426144,445.1692663083325,0.9600862696028214,-6.572277467863067e-05,6.471015171881244e-07,-2.2124129797083897e-06,-1.1520737327289712e-08,7.15093990113993e-11,-2.6786060855840155e-09,-1.968227019161226e-06,1.9391592695829885e-08,-6.556880756557889e-08,0.7071067811865476,0.6799545694699849,0.9068789125767497,2017
2017-03-31,401.2680985580004,457.59594603544093,0.8829749078615736,8.473313138353514e-05,0.00021675090180025435,-1.5402189223190436e-06,-3.6994343620538244e-09,-4.846595112454459e-08,-1.867419262761078e-09,2.5431037718147746e-06,6.517066839345141e-06,-4.5646341890743934e-08,0.8414525111177728,0.7176202626349371,0.898241371542787,2017
2017-04-07,494.5869541382345,473.806847411753,1.0234885401464056,-0.00012451419070302091,-0.00025887247150739774,1.0600615035433424e-06,5.386111663947148e-08,6.015109990117598e-08,2.979310140789709e-09,-3.7515840560826297e-06,-7.784219475192523e-06,3.090805206406363e-08,0.8660254037844386,0.7607146219562161,0.8931292176862404,2017
2017-04-14,424.1104412032377,493.08880018136585,0.8634356717464405,3.21459882454688e-07,7.229434095120306e-08,8.609228264801415e-09,-5.292723317286081e-08,1.4940806793669643e-09,-1.7647441281779023e-09,2.5521966425377264e-08,1.7206060239015882e-09,7.877000863982584e-10,0.8660254037844385,0.7961221640312337,0.8868386432087683,2017
2017-04-21,349.6878959832154,507.42823205799436,0.6837859168976319,-1.1441942272056144e-05,-1.7460375655417963e-07,-3.737099076948239e-07,5.182323565450714e-08,1.827200650571607e-09,1.2849944512534527e-09,-3.5880523885775967e-07,-5.7862728915495905e-09,-1.159679556622089e-08,0.8660254037844386,0.8311161739543751,0.8823423203520022,2017
2017-04-28,346.880458568108,514.1746290401353,0.691008039328727,5.9222364038226575e-05,-6.15630335778439e-07,1.9872657792307297e-06,9.557015222770211e-08,2.133922825140727e-09,5.0209456005630056e-09,1.7479998754787e-06,-1.91090869211878e-08,5.81116896967529e-08,0.9233819237935562,0.8630413668183159,0.8761365642260215,2017
2017-05-05,325.4301696879086,522.7790220042161,0.6505972208639116,-9.819505536174949e-05,1.4141184529869676e-07,-3.2717437007337402e-06,-1.140603670557693e-07,1.8165472948418457e-09,-6.9158823400834646e-09,-2.9116335507352476e-06,3.697391170220643e-09,-9.607754631998803e-08,0.9659258262890683,0.8918576300828878,0.8709635094631103,2017
2017-05-12,421.964644948624,525.763973073618,0.8114644968442066,9.589197179194987e-05,2.0167493884869691e-07,3.179917741564012e-06,-6.744064299560344e-08,1.7667919434844045e-09,6.818287342144797e-10,2.896991346657204e-06,5.520210583174736e-09,9.519298362665594e-08,0.9659258262890683,0.9174217714360214,0.8636380527435931,2017
2017-05-19,480.7702514285157,533.1627734604364,0.9499759276079913,0.0001136431433334304,2.13790694182578e-07,3.752383372097781e-06,1.4622876030061425e-09,1.5272636492983261e-09,3.3490917929686242e-09,3.4088556137217508e-06,5.955541730265959e-09,1.1156677362504257e-07,0.9659258262890683,0.9397951129219521,0.8617952494741126,2017
2017-05-26,496.10181209336923,538.0858113413277,0.9198573299417502,-7.720048198301618e-05,-7.786230953937096e-08,-2.5510046002831796e-06,-1.474638512734714e-07,1.388139867095974e-09,-7.20881634153398e-09,-2.271775304107991e-06,-2.7523112464222924e-09,-7.436749310603592e-08,0.9708312716551878,0.9585912253525383,0.8594616587093934,2017
2017-06-02,568.9724790603042,563.6488258716239,1.0167073637127062,0.000263083753562815,4.722773922610505e-08,8.711004254089648e-06,2.965358474016961e-07,2.0178879624312943e-09,1.7207303054243742e-08,7.803551852663662e-06,8.114657879350815e-10,2.56167936706417e-07,1.0,0.9738277711662249,0.8674040283990294,2017
2017-06-09,468.8941474427536,536.9894274515416,0.8911897755150544,-7.577715782281835e-05,-7.021790249699494e-08,-2.5042102587749354e-06,-1.9927123661042327e-09,7.481945893417358e-10,-2.3018886424892122e-09,-2.272716920975275e-06,-2.3309954518651423e-09,-7.443574117050189e-08,1.0,0.9857873841568994,0.8550575343963063,2017
2017-06-16,548.1111121734915,540.0367670383237,1.0539916639759483,-0.00011381262144124424,-2.1814924973295527e-07,-3.764871795633005e-06,1.6051364365963986e-08,-2.52875575565827e-11,-2.7178892125144045e-09,-3.4191940525471907e-06,-6.536891224716483e-09,-1.1213078710523742e-07,1.0,0.9940796619878856,0.8558889275848296,2017
2017-06-23,421.6090240564912,536.10464901896,0.7904672990119569,9.831292283977105e-05,4.5416389273856754e-07,3.2338551055780358e-06,-2.7281550626583354e-06,-6.507805580726824e-10,-8.65801778555617e-08,3.7678342039907865e-06,1.3820150949592102e-08,1.2298970652400958e-07,1.0,0.9987260882149617,0.8544529656406648,2017
2017-06-30,445.8200739126001,535.9692055295117,0.8696402812568765,-1.4398806792102303e-06,-9.236162899442439e-08,-4.087743461773702e-08,2.7374942634235348e-06,-7.997349037722922e-10,8.973857857364832e-08,-8.644446994032603e-07,-2.5309283987553397e-09,-2.814789661062709e-08,0.9707197059945559,0.9997661524669383,0.8560037862668871,2017
2017-07-07,390.25947749620144,539.9701765220152,0.7575310024600275,-8.830643825178644e-06,9.305085529931379e-08,-2.987460987567755e-07,5.666191722905253e-08,-1.3662236695921062e-09,1.6850707257750687e-09,-2.819178899235103e-07,3.2013927597446416e-09,-9.467904180435483e-09,0.9659258262890683,0.9971380049442464,0.8602072789219283,2017
2017-07-14,497.43457880442355,532.6360067460685,0.9712307878012224,9.956596463632816e-06,-4.5535809851877095e-07,3.628699323376542e-07,-7.486381776314022e-08,-1.3526287432888317e-09,-2.0162367577732564e-09,3.211570392374285e-07,-1.3254954333722783e-08,1.1490968997461317e-08,0.9659258262890684,0.9909886191305852,0.8615433137254831,2017
2017-07-21,341.7519123476108,524.072625825439,0.6362171382636004,-0.00015726364566407832,-2.7522102132995886e-09,-5.226646229090906e-06,3.9116567371021795e-08,-1.8418808781935213e-09,-3.4398115343788757e-09,-4.729644340133708e-06,4.69997956656024e-10,-1.5576744341241252e-07,0.9659258262890683,0.9811778780266857,0.8634129197386659,2017
2017-07-28,435.0914192364774,526.1784504040493,0.8373851520171749,7.415696806923241e-05,-9.279113010377122e-08,2.4687895681926473e-06,-5.914652342586949e-07,-1.9110620426836868e-09,-1.7108940094965627e-08,2.4021486123542842e-06,-2.210415290479109e-09,7.919636907426902e-08,0.9231305244372641,0.9677932971643792,0.8706456889024158,2017
2017-08-04,347.019338424008,516.6897543301267,0.6910901931733253,-3.1194071158401755e-05,7.091398499540574e-07,-1.061006187713189e-06,6.067222239304848e-07,-2.329260080362075e-09,1.905080310480665e-08,-1.117838801931272e-06,2.1972973523150837e-08,-3.7545426562838206e-08,0.8660254037844387,0.9509142050430107,0.8739207010841851,2017
2017-08-11,419.2199694290067,512.4232533903161,0.8047782726953979,0.00012416942750100563,-7.554965149661891e-07,4.157720690098778e-06,-2.935257144626134e-07,-1.5652839458145581e-09,-5.481916831978391e-09,3.8131405393688563e-06,-2.219531026475087e-08,1.2637619575255715e-07,0.8660254037844387,0.9306340736589362,0.8804012500453539,2017
2017-08-18,441.25066695825353,500.0944848210191,0.8664532571773609,-9.258529766821226e-05,1.1984947020386603e-08,-3.0822836363713376e-06,3.326132537011407e-07,-1.3039710568296373e-09,7.954935174255436e-09,-2.877342906156964e-06,7.507397277264822e-10,-9.485498964341669e-08,0.8660254037844387,0.9069343280918815,0.8849579699583063,2017
2017-08-25,339.3411242055208,485.3656990081913,0.6894814525792393,-8.969926283515012e-05,1.5575471728919257e-07,-2.9875774969529016e-06,3.261791375155938e-09,-1.1065903402293957e-09,-2.886568413353821e-09,-2.6919564224677637e-06,5.004618620609913e-09,-8.87613543845805e-08,0.8660254037844387,0.8799428088220373,0.889684284891697,2017
2017-09-01,332.20155196530055,468.4048899914696,0.6869098184962676,9.937468482097976e-05,3.2832981564364027e-07,3.2866209871791416e-06,-1.3111447302566987e-08,-8.340744313899399e-10,2.9372612342079184e-09,2.9851739788201406e-06,1.0100116798791438e-08,9.771745124511215e-08,0.7071067811865476,0.8497645977392526,0.8947598093148479,2017
2017-09-08,237.15038083236323,448.6050830130392,0.5417119643555746,-4.0299346497085074e-05,-5.1156404257339e-07,-1.3171155490510268e-06,2.4594195770038196e-08,-5.7146077526208854e-11,-5.21991243784374e-10,-1.2163586536435296e-06,-1.5329777453823396e-08,-3.935686909839481e-08,0.7071067811865476,0.8163289494927236,0.8993958336960012,2017
2017-09-15,383.5836686418247,428.9262038768902,0.8917424096629039,-9.930401090623938e-06,9.754195279516666e-09,-3.3080646488176566e-07,-1.2197747004051011e-08,-7.5624566562242e-11,-7.393632543895462e-10,-2.942527086173202e-07,3.1531322869751214e-10,-9.702384970136601e-09,0.7071067811865477,0.7802915137474989,0.9060563375191669,2017
2017-09-22,380.23119942835933,408.0203125481065,0.924381833631588,2.456354942733118e-05,4.44527661217338e-07,8.002078254206261e-07,6.227065495338816e-08,2.4230454197770953e-10,2.8425358447071983e-09,7.18225286333778e-07,1.3263138474285978e-08,2.3153474009206243e-08,0.7071067811865475,0.7412288904294484,0.9107679143835785,2017
2017-09-29,295.5285480501966,385.2233195334325,0.8039722083991528,8.293664890467781e-05,9.335812494900362e-06,2.2149736187681502e-06,5.762778764576393e-08,-1.5425934494876056e-06,7.489218064595867e-08,2.4708111308463465e-06,7.428524096937883e-07,4.398155436925558e-08,0.5615720653600582,0.6998302679691288,0.9157329984938278,2017
2017-10-06,354.4436882521102,359.5846271529403,1.0278189900965187,0.00011300889287753798,-1.0319466116507309e-05,4.359913724635933e-06,-2.182426368610986e-07,1.5972967365525778e-06,-7.605322558839974e-08,3.4557395773843968e-06,-7.887730044607883e-07,1.5361337941559826e-07,0.5,0.6550010953707763,0.9190973448545455,2017
2017-10-13,375.63510006525706,337.4755935398157,1.2016494308620995,-3.2123088077411125e-05,8.106779498145404e-07,-1.1387454142073587e-06,2.607325608956098e-07,1.9366924190312444e-09,7.207914828646007e-09,-1.041912410590773e-06,2.373933076880989e-08,-3.632473687481421e-08,0.5,0.6085349389771478,0.9241679364440866,2017
2017-10-20,247.98571067565868,313.3927024214899,0.8406104586237486,-5.551057130004588e-05,-4.35327789714013e-07,-1.807801577504721e-06,-6.104798804287543e-07,2.955930922012935e-09,-2.2018425505401834e-08,-1.482173174872392e-06,-1.3946612968198007e-08,-4.762851967351918e-08,0.5,0.5596755288732187,0.9287515384523984,2017
2017-10-27,249.96555870383676,289.9694339203992,0.9217355067229956,-0.0001595988018516837,-9.87872078613241e-08,-5.299429280303555e-06,3.517291458654664e-07,3.3466126253297687e-09,6.370218679762082e-09,-4.893482799310055e-06,-3.967600023764824e-09,-1.608939440130369e-07,0.4322013781140517,0.5087772089980518,0.9333221986112489,2017
2017-11-03,147.33339799967604,267.71949827717697,0.5760321299260827,-5.979258836401747e-05,-1.7560743441996865e-07,-1.9849384707461317e-06,1.3605442176850765e-07,3.771858201306624e-09,2.5554754823410267e-09,-1.8345939774510864e-06,-6.399780493257858e-09,-6.031479676708555e-08,0.258819045102521,0.45610728918132315,0.9378254756406802,2017
2017-11-10,157.7319182311818,247.52869289964772,0.6819829582864525,5.417098317793855e-05,3.5256771679619706e-07,1.7928987803065652e-06,-3.107888116013913e-08,3.5871485109630576e-09,5.036777521373177e-10,1.6344531596864743e-06,9.500886950510367e-09,5.363586008355547e-08,0.258819045102521,0.4016225484917425,0.9411497634456055,2017
2017-11-17,190.49867210415158,231.08643310946528,0.9077724464254885,0.00013140707375748666,-4.859722563477804e-07,4.392158576477434e-06,-1.0308645134874517e-06,2.6381149077915658e-09,-3.027231400476401e-08,4.251471566770687e-06,-1.5370602163073067e-08,1.408464514957524e-07,0.258819045102521,0.3457086728477741,0.9446350177147397,2017
2017-11-24,134.04178879118106,218.55271504328377,0.6692193461989777,-0.00022349741206295525,7.036335576672966e-07,-7.453598483328238e-06,9.390514418508742e-07,1.7365524702941603e-09,2.4494023133592562e-08,-6.986637794444074e-06,2.0588040988547203e-08,-2.3095616143992583e-07,0.258819045102521,0.2885645823984374,0.948088974155344,2017
2017-12-01,168.4987220381926,210.68434277271828,0.8296115905280954,0.00032103718199608675,2.7765778333087985e-08,1.0646067051780262e-05,3.8563370553546835e-08,1.1002234079638271e-09,1.033973670716435e-08,9.61954644871625e-06,5.029063276216267e-10,3.1628009054125843e-07,1.2246467991473532e-16,0.23086620159636287,0.9539932960301493,2017
2017-12-08,64.49479898152936,204.43713748443088,0.3536338995578981,-0.00031157295996499707,-4.3738272717780747e-07,-1.032825652160245e-05,-1.3509078976147685e-07,-8.517652196241442e-11,-1.32732700818362e-08,-9.306661562021407e-06,-1.3095928858777713e-08,-3.0586571462352233e-07,1.2246467991473532e-16,0.1713183055542354,0.9534419981884545,2017
2017-12-15,112.45769961846825,201.9362362816959,0.6033608433662366,7.825991067982556e-05,5.346486475348682e-07,2.588622208068697e-06,1.9462976236434482e-07,8.268580231892006e-10,8.608415940903693e-09,2.2894083916856504e-06,1.5791402018964364e-08,7.507614145979053e-08,1.2246467991473532e-16,0.11167688333183003,0.9552360843093165,2017
2017-12-22,85.32727104925658,200.87844303578663,0.4463266290073387,6.31744629148952e-05,2.1868715578047255e-07,2.085569527635445e-06,-7.124316562660934e-08,1.325944345971713e-10,-5.772703625082291e-10,1.916606837134838e-06,6.5208363428476125e-09,6.27402669378157e-08,1.2246467991473532e-16,0.05159350468345776,0.9564630388509751,2017
2017-12-29,105.53522196085582,204.3402405730808,0.563369542943687,-0.00014655361050328188,-5.388660046045531e-07,-4.846422610820385e-06,1.79978118161925e-07,-1.0802582126873756e-09,1.8202476116430304e-09,-4.4506017505470766e-06,-1.584190267424346e-08,-1.4593875260810578e-07,0.14836787601910917,0.016018001824828654,0.9565688141546947,2017
2018-01-05,126.12989931058318,212.19184660599097,0.6040344821014033,0.00022284013514238147,-1.9274598021900201e-07,7.410681990844176e-06,-4.7460717541693355e-07,-2.3656345370838213e-09,-9.164963298907082e-09,6.82758620689671e-06,-5.072689045309775e-09,2.2506994871499723e-07,0.25881904510252074,0.06891240764758091,0.9555684493685975,2018
2018-01-12,136.11827072821123,223.9201250153012,0.656300241208836,-0.00016124641460234693,7.403514056485591e-07,-5.376078781378879e-06,4.2764015645374186e-07,-2.9155151430249455e-09,9.45714053390699e-09,-4.9656844850065316e-06,2.308519671211068e-08,-1.6411950560153823e-07,0.25881904510252074,0.12887642817419165,0.9536952239001748,2018
2018-01-19,149.67735955701667,237.2415680319136,0.649025833035371,4.544398424083256e-05,7.078740079884293e-08,1.5017198239806238e-06,-6.313769067576238e-08,-2.2307429103860494e-09,-6.765164025605253e-10,1.3822608344277788e-06,2.792844897278213e-09,4.5254549640186425e-08,0.25881904510252074,0.1883623353588176,0.9513131443046868,2018
2018-01-26,125.01679662900952,252.4531100278379,0.5067394080889053,-5.060311856428109e-06,-9.611532797685533e-07,-1.3956829077256588e-07,6.913798175941928e-08,-2.121331057388155e-09,2.2266045207249142e-09,-1.7255075022059124e-07,-2.8198199075665343e-08,-4.855030079393379e-09,0.2940607458769881,0.24706163319563126,0.9482946823059545,2018
2018-02-02,194.62607008031557,271.6613994781161,0.7298936482656196,1.3384903891232442e-05,6.7792028040328e-07,4.238345654946932e-07,-4.5475855602329456e-08,-2.587058999280262e-09,-1.04183464556139e-09,4.151898734176136e-07,2.1113726111575536e-08,1.3027587358508414e-08,0.5,0.3050601113271393,0.9450069410213545,2018
2018-02-09,189.87992405419976,292.0104690330132,0.6710629158811283,5.940259506217405e-05,1.4407446490004208e-07,1.961505421074286e-06,-1.9823391601993393e-08,-2.379734387395055e-09,1.2833990946648656e-09,1.7880248693461137e-06,5.036154262928892e-09,5.846014290382947e-08,0.5,0.3618455736661474,0.9405919099587745,2018
2018-02-16,161.2110852558061,316.1639840647899,0.5266666398053096,-8.549717197012213e-05,-3.367398960400876e-07,-2.8214602098100028e-06,3.195026121472179e-08,-3.2183858931159073e-09,-1.5457940579904433e-09,-2.57450023746849e-06,-9.136681112993024e-09,-8.418006807690225e-08,0.5,0.41732462549495314,0.93592567387163,2018
2018-02-23,211.83435489881018,342.08799963872724,0.6464163003760682,3.89647467725915e-05,2.6170762788376384e-07,1.28381109098566e-06,-1.4192320423648378e-07,-2.7865543132967954e-09,-3.311611437935369e-09,1.2115193644490002e-06,8.6871951303118e-09,3.950781616095019e-08,0.5301130928951311,0.47127094360763594,0.9310836289628285,2018
2018-03-02,57.452423472961996,367.9546830925506,0.21393002122469557,-7.118172790466697e-05,-4.421550929987315e-07,-2.350306169295163e-06,1.38629592850121e-07,-1.8195477841530326e-09,2.237030398882752e-09,-2.1770407149949628e-06,-1.2718788455212582e-08,-7.11802941985197e-08,0.7071067811865477,0.5235058420148562,0.9251220663847194,2018
2018-03-09,44.39754193758084,393.1147165008398,0.15776633763485248,-3.787149514859805e-05,3.4039312420552296e-07,-1.2602585280604552e-06,2.4830009931964402e-08,-1.4500444541827412e-09,-4.5634965439025053e-10,-1.1435938574376374e-06,1.0646807063196497e-08,-3.7670850945496834e-08,0.7071067811865476,0.5738407316781355,0.919363640191945,2018
2018-03-16,57.287143082550045,416.9651668191535,0.15509743045529772,1.1718577424342446e-05,-5.858036472286773e-07,3.9304398200467946e-07,-2.650762094113758e-08,-2.469563719498989e-10,-4.646343295744481e-10,3.5950960901257207e-07,-1.750002250536466e-08,1.193070975901264e-08,0.7071067811865476,0.6220927755911084,0.9134887819826498,2018
2018-03-23,45.11069272519254,438.86641023178373,0.11974009670828482,1.2468003412969219e-05,5.877250462324608e-07,4.083646131933521e-07,3.377417519904806e-08,-1.4259417058323948e-10,1.5272479284001127e-09,3.6390784982936025e-07,1.7674529637807203e-08,1.1792764017280489e-08,0.7071067811865476,0.6680878328603622,0.907601240857355,2018
2018-03-30,50.23281738987508,458.9195509577093,0.12283595476624709,3.550295857987945e-06,8.369037991739434e-09,1.1751888853611876e-07,-6.192376496478829e-09,6.068519486144823e-10,-9.023605409778202e-11,1.0836658868862367e-07,6.901555465820168e-11,3.5526374723127932e-09,0.8211347745649779,0.7116610115426508,0.9010876414054262,2018
2018-04-06,231.84919725692552,476.8439598514425,0.5727810826904578,5.759506337558374e-05,-1.1079855210547023e-07,1.9116111730999027e-06,-6.337558372258117e-08,1.0784623224350952e-09,-1.5933193418827463e-10,1.7468645763841695e-06,-3.647495259694426e-09,5.7396134773253786e-08,0.8660254037844386,0.7526537987927546,0.8944739502886585,2018
2018-04-13,122.15843192111642,492.4199901682631,0.39915504368270094,3.46315857689066e-05,4.747427389007553e-07,1.1279070539724405e-06,1.166483053590326e-08,1.2464278910041856e-09,1.4573015144381224e-09,1.0354481239064608e-06,1.3868353799255732e-08,3.340002116484153e-08,0.8660254037844386,0.7909117546215974,0.8885089234184781,2018
2018-04-20,467.5352104593966,503.2535358230659,0.9617577497509852,7.254671412228193e-05,-2.593135294839933e-08,2.3961860901703097e-06,-1.2711325791271809e-08,1.748954243148582e-09,1.8506335585400256e-09,2.180214821405993e-06,-1.3026268610033839e-09,7.133039263754776e-08,0.8660254037844386,0.8262251013075914,0.8826109682755033,2018
2018-04-27,234.64805547857145,514.8617058560449,0.49043184142551105,-0.00014608485898070297,-4.5051090891604796e-07,-4.815275151372841e-06,3.3090054428414215e-08,2.035063147060378e-09,-3.6509292302675524e-09,-4.392472785749484e-06,-1.412584621176971e-08,-1.4336297577210502e-07,0.9093085841187367,0.8587397390659436,0.8781247139219025,2018
2018-05-04,205.14897351810555,524.102179643933,0.4490821190694426,-3.5350491230193742e-06,-3.139627584060839e-07,-1.1235018624150235e-07,1.205472846709723e-08,1.9895712352866603e-09,2.609195714313825e-10,-1.0966789223064602e-07,-1.0015754122436053e-08,-3.4487814586742355e-09,0.9659258262890683,0.8879686760529447,0.8731970981123446,2018
2018-05-11,348.1694720672735,536.1604705807229,0.6358770782261186,0.0012924473548269482,0.0009565185675133316,2.437753754415714e-06,-5.6238415023245375e-06,-6.39702743125544e-08,-1.675218253605886e-08,4.046057309550597e-05,2.87147481076936e-05,7.815826739328815e-08,0.9659258262890683,0.9137876982671806,0.8685060818079747,2018
2018-05-18,415.691859420448,527.3053869794167,0.8416251447241242,-0.0011610433298995628,-0.0010132973662330682,4.344247885340261e-06,6.277201905743253e-06,7.1510732092893e-08,3.447681526876106e-08,-3.671446046870993e-05,-3.0420374206620626e-05,1.1998439197958152e-07,0.9659258262890683,0.9377573377437104,0.8639097782308309,2018
2018-05-25,393.4606981237683,536.5924988228563,0.7437166509734532,-0.00017556459288742865,-1.2169893492277173e-07,-5.8399375901007156e-06,-2.7833059329068245e-07,1.4538053402288334e-09,-1.4480216007680212e-08,-5.183438608635691e-06,-4.0871096495694325e-09,-1.7085406290071873e-07,0.9659258262890683,0.9561130382681772,0.8595821996565427,2018
2018-06-01,423.1306139686318,539.2207779582601,0.7570533959176404,-7.2584084382910525e-06,2.7165189199752064e-07,-2.465228512202116e-07,-4.548943792089489e-09,1.004500738740337e-09,-3.893404235105475e-10,-2.1638757001131556e-07,7.848206537561631e-09,-7.27888340955344e-09,1.0,0.9719764663641903,0.8577451726470582,2018
2018-06-08,138.45323045232232,538.4935064150943,0.2822411772831551,7.301380346362135e-05,4.195157442028079e-07,2.4064404732427966e-06,-1.482384286160114e-07,6.186812142481606e-10,-2.797926196432646e-09,2.23488563249353e-06,1.2399867961607629e-08,7.30325920562143e-08,1.0,0.9843078721745825,0.8560332546747775,2018
2018-06-15,521.3879149397342,535.5044927853878,1.013195568746903,3.1459456376032726e-06,-9.641792696354676e-08,1.0845375247531362e-07,-3.094606542882681e-07,5.7953511213935856e-11,-1.0063652120463416e-08,1.8721656541436376e-07,-2.9099238623589454e-09,6.272708210398395e-09,1.0,0.9931328873702036,0.8541560597905069,2018
2018-06-22,562.7782560432834,539.8848279216712,1.1227703346306117,-2.671706202578119e-05,-4.903610395667925e-07,-8.66420128287931e-07,3.119623163062403e-07,-2.207857507650096e-10,9.48254825050961e-09,-8.951005556654325e-07,-1.4644595462045696e-08,-2.883736832379065e-08,1.0,0.998288775706837,0.8557638991134432,2018
2018-06-29,492.40490059634567,540.0425900276206,0.9064714283952527,-3.3221191903199467e-05,5.714903250493304e-07,-1.1190051571869772e-06,1.046025104604499e-07,-9.825933019490208e-10,2.498327435101706e-09,-1.0280165102342087e-06,1.7439487742432033e-08,-3.4319652946139766e-08,0.9757111213403983,0.9998430856665494,0.8571577775543558,2018
2018-07-06,513.2911801490535,537.6729875856784,1.0239501676086038,0.0001201564775420458,-6.995808796050294e-07,4.021312934180704e-06,-3.8262756631580063e-08,-8.23309030401117e-10,2.345237749864779e-09,3.6161731532504834e-06,-2.0740433678937993e-08,1.1993581670046064e-07,0.9659258262890683,0.9977718420439339,0.8588551879800688,2018
2018-07-13,520.8613676953147,535.6616032563103,0.9843238326264059,-6.926092470886705e-05,8.969223006905547e-08,-2.3125061712532573e-06,2.0408163265336252e-07,-1.4860854599233928e-09,4.733504773545211e-09,-2.1390522310613633e-06,3.1365925395913777e-09,-7.07952365696609e-08,0.9659258262890684,0.9920775665143504,0.8619742232351159,2018
2018-07-20,461.5163883305682,533.1364293917767,0.8930023706872081,7.835403183487889e-05,4.908395089676897e-07,2.5732791820851184e-06,-5.906361145126241e-07,-1.951868295121154e-09,-1.6955440328914666e-08,2.5278117893997937e-06,1.531074575767665e-08,8.228500756122856e-08,0.9659258262890682,0.9827830685211508,0.8659639278956351,2018
2018-07-27,456.0925332581513,485.77929355121705,0.9539779126802589,-0.0009605056980056968,0.005985677513802791,-3.832860204706074e-05,2.5943732193735958e-06,1.3777274483354407e-06,5.7175854192500164e-08,-2.959348290598296e-05,0.00017915700717958415,-1.1670108176695742e-06,0.9659258262890683,0.9757568235645049,0.8397717586076981,2018
2018-08-03,441.69942825848256,530.5434342135371,0.909919451809983,5.2731509178500714e-05,-0.0010588248030873445,2.9113976391220843e-06,7.997732926100051e-07,-2.476129830592691e-07,2.782008154752725e-08,1.3420132875715156e-06,-3.1690460197701964e-05,7.899590470940438e-08,0.8660254037844387,0.9532297334427553,0.8809045824541785,2018
2018-08-10,445.2979853654478,511.62938923184237,0.9012449420717507,-8.558460534087804e-06,-1.8268252342147797e-07,-2.7921544801901773e-07,-1.2621630863930213e-06,-1.905707845893118e-09,-4.1789048666712246e-08,1.2189510989509287e-07,-4.908763348596556e-09,4.160251159442645e-09,0.8660254037844387,0.9337652911067998,0.8785614906093985,2018
2018-08-17,443.39065158328,502.6545285477521,0.9365251520303335,-2.901942207484684e-05,8.765866534142113e-07,-9.827467279850632e-07,4.863413863884077e-07,-1.6978653671671429e-09,1.5089947910388958e-08,-1.016485078162151e-06,2.6806959213008785e-08,-3.4009386212669096e-08,0.8660254037844387,0.9105293783427584,0.88422538955563,2018
2018-08-24,379.4393072452346,488.23248705871845,0.8090900545217566,3.8698685705014255e-05,-1.0365264787382378e-07,1.2803157327563392e-06,-4.218724646949427e-09,-1.0518563666243424e-09,1.1767865551090136e-09,1.1622261885441035e-06,-2.794022527015323e-09,3.805643601615734e-08,0.8660254037844387,0.8840101403649594,0.8888298422924846,2018
2018-08-31,329.69884644311816,470.4967032567569,0.7288756551885768,-5.798215004697296e-05,-4.548583233171691e-08,-1.9148671878964914e-06,6.676956113225631e-08,-7.495797733819571e-10,2.5628737365133815e-10,-1.7594953697488704e-06,-1.1397010370917781e-09,-5.7522901848988564e-08,0.7297149867903275,0.8542284624419851,0.8934274339714341,2018
2018-09-07,444.015906749244,453.26958613393026,1.029119028105044,0.00020046846474458402,3.5706954191563953e-09,6.62516553243304e-06,-1.4226172023018866e-07,-3.4983884279971707e-10,2.125474105293388e-09,6.056732458406963e-06,2.1207251529941618e-10,1.9811732374140223e-07,0.7071067811865476,0.821444786186442,0.8993746422995743,2018
2018-09-14,416.2063183116436,433.10063727760166,0.9636065447259522,-1.3437511123768119e-05,4.099352645499063e-09,-4.443866778564089e-07,-4.022354323129884e-08,-1.1218612032098071e-10,-1.7622803329837402e-09,-3.9105827074336674e-07,1.5663641564678544e-10,-1.2802916235796777e-08,0.7071067811865476,0.785634478126469,0.9052282633253125,2018
2018-09-21,378.8371620377546,412.01518644821806,0.9760607434458634,2.9303867403313917e-05,-6.850639211752633e-07,1.0240394644025182e-06,4.677716390453701e-08,6.041763085291261e-10,2.5608816128789135e-09,8.650828729283225e-07,-2.0733170528051376e-08,2.99529194482119e-08,0.7071067811865476,0.7469764876846853,0.910054090593506,2018
2018-09-28,327.156495760226,389.53332658201606,0.9028516451298637,-6.334478808704984e-06,5.554359212909513e-07,-2.5477742546530324e-07,-7.254677357822758e-09,6.887559051519395e-10,-5.761722589032348e-10,-1.8785796105402099e-07,1.6456450866556716e-08,-7.47047108628938e-09,0.5896988247040477,0.7056080765988411,0.9140150839038481,2018
2018-10-05,289.2175267654739,365.96314210727394,0.7944519681881889,-0.00018906423473433702,-4.5842279988059275e-07,-6.244087544597078e-06,-4.004758128453787e-08,1.7243660534233981e-09,-7.698884574864275e-09,-5.6599127676447005e-06,-1.4269993812740377e-08,-1.8501296096545242e-07,0.49999999999999994,0.6616791213850417,0.9183624543593275,2018
2018-10-12,348.0873024304759,341.81552304635954,1.1087544091960038,0.00021062530935489192,2.26910184139479e-08,6.994825810520564e-06,6.269592476518092e-08,2.1289632323326317e-09,8.904840761817199e-09,6.299950503217314e-06,4.204158276523972e-11,2.071733220870704e-07,0.5,0.6153490296778272,0.9231897184139066,2018
2018-10-19,303.0399132466441,317.7577698212351,1.029717560656615,-3.696782231387268e-05,-2.230307388623912e-07,-1.2112886769380532e-06,-1.0783176526161042e-07,2.7535091266625822e-09,-4.940354892341206e-09,-1.0766851398373333e-06,-7.516974904081952e-09,-3.4856553840439794e-08,0.5,0.5667841235027451,0.9279739461252646,2018
2018-10-26,149.05968735260137,294.23367569824416,0.5081099733576303,-0.00027203583426651693,-1.598222742855582e-07,-9.04954538885277e-06,2.463605823070407e-07,3.2634446365730884e-09,-6.574419591291279e-10,-8.234983202687556e-06,-5.773701619567751e-09,-2.7128912907784424e-07,0.4661644456555922,0.5161632470373878,0.9324772078715667,2018
2018-11-02,151.71471108489126,271.784231425614,0.5731314352087438,0.0001148951081624066,7.389953849126998e-07,3.8019389058145107e-06,-3.410736812582286e-08,3.368474262878678e-09,2.3370099292685116e-09,3.4570854553100168e-06,2.115931926868305e-08,1.13357064195655e-07,0.258819045102521,0.4636647212544685,0.9369945458088191,2018
2018-11-09,150.68850695735097,251.0617506874391,0.6072046987469027,-3.5328787140769724e-05,-5.032512477679725e-08,-1.1693163683505112e-06,6.770579639537457e-08,3.8682971926979365e-09,1.0546657873434118e-09,-1.0801753531417106e-06,-2.670242900698573e-09,-3.539589078671796e-08,0.258819045102521,0.40947889180865954,0.9405693725032857,2018
2018-11-16,99.76094506282148,233.94168438793832,0.4671943939904676,-3.2385529977232214e-05,-7.035423306722235e-07,-1.0600987494777628e-06,-8.398684543362108e-08,2.7508352618437086e-09,-3.752036362674789e-09,-9.463698456867107e-07,-2.1931520498848126e-08,-3.067735157553082e-08,0.258819045102521,0.35378581363823475,0.9440777927017685,2018
2018-11-23,124.24188924198656,220.70301760738053,0.5974352421448176,0.00039608652489680747,9.930811333594717e-08,1.3179401756629113e-05,-7.628402737861015e-08,2.0263273007650556e-09,8.828370001185851e-09,1.1905480955117767e-05,2.371345209794261e-09,3.927335416985178e-07,0.258819045102521,0.29680712146766297,0.9474360729985725,2018
2018-11-30,99.59664995814947,210.9784369783618,0.48118691778383604,-7.167068919281352e-05,5.886323696707823e-07,-2.436854668958313e-06,-2.8318584070785086e-07,1.0501474981255469e-09,-1.1532659703067107e-08,-2.065164923571897e-06,1.7343926840843098e-08,-6.964584215782911e-08,0.037341015356706,0.23874183624367273,0.950538416953875,2018
2018-12-07,157.6567993961428,205.1577882608163,0.8045514198900705,-0.0003327493996943904,-1.2819438732687638e-07,-1.1030577996039895e-05,4.4204322200410403e-07,7.122242919707806e-11,5.110123568649943e-09,-1.011509495743289e-05,-3.867198348454292e-09,-3.324503769517924e-07,1.2246467991473532e-16,0.17980000645590058,0.9530569197515963,2018
2018-12-14,109.82248154332497,202.39655204938447,0.5379476896493158,3.084420948290077e-05,2.529847746209025e-08,1.0228446664923964e-06,2.285368137013092e-07,7.546605053657376e-10,8.371631978888467e-09,8.567652403768697e-07,5.325561720633434e-10,2.817385040110492e-08,1.2246467991473532e-16,0.12022928614098126,0.9549249526696933,2018
2018-12-21,81.38203946367716,200.6939171101651,0.4410688858878677,1.710969881182641e-05,-6.940755398482963e-07,5.886807730556374e-07,-3.7911025145056427e-07,6.635805293374645e-10,-1.199211041194078e-08,6.270240397899374e-07,-2.1021340354178587e-08,2.125805631525141e-08,1.2246467991473532e-16,0.06019438332321359,0.9563331660706188,2018
2018-12-28,114.66547269648864,203.35132639545702,0.6311112874583691,0.0002519471259324263,6.581577044063093e-07,8.340860850014609e-06,3.3457656866977215e-08,-1.1826655154434705e-09,8.253470383285253e-09,7.548376480912673e-06,2.00995307867824e-08,2.477497843854529e-07,0.1113381840028012,0.014756840471641094,0.9566477171454069,2018
2019-01-04,123.25616889906334,210.44944119683834,0.6235164831502442,-0.0001948774575814703,2.482249990790748e-07,-6.477080791450295e-06,1.4058712631302412e-07,-2.3107860533575187e-09,-8.185754339933067e-10,-5.888499865338197e-06,8.139985788295814e-09,-1.9406685111331173e-07,0.25881904510252074,0.06031864973144725,0.9558420011506864,2019
2019-01-11,129.69479937950257,221.57773000870145,0.638068807381522,-5.127936241610723e-05,-9.498805521258164e-08,-1.6962363275696321e-06,-5.133179530198781e-07,-2.767602713106991e-09,-1.825205393859885e-08,-1.384385486577119e-06,-2.019360842313207e-09,-4.5411473645509195e-08,0.25881904510252074,0.12033672426683871,0.9540820936860555,2019
2019-01-18,194.84212671706135,234.54103271443543,0.838014208305449,6.837932611678583e-05,1.6587090732433646e-07,2.259609317762765e-06,2.6630075722938053e-07,-2.1814054940771312e-09,1.0844530351612114e-08,1.9714895563348676e-06,5.630548868003985e-09,6.453492042740035e-08,0.25881904510252074,0.17990000460483258,0.951780346910618,2019
2019-01-25,168.6070302712759,250.0382040047623,0.6701779342952815,-0.00011335557627201768,-4.047312404016516e-08,-3.753331731362388e-06,8.635493842321012e-08,-2.4019116054616826e-09,-4.846922145473166e-10,-3.4265737696877153e-06,-4.936202396575989e-10,-1.1245454427650795e-07,0.25881904510252074,0.2388149585034146,0.9490169872447054,2019
2019-02-01,162.4132411864253,268.0679222149773,0.6344242101743679,0.00010517965909627439,-5.44000958149593e-07,3.5082601395677593e-06,1.5959204872738804e-07,-2.2024586741395447e-09,8.565485507202278e-09,3.1075121582700275e-06,-1.5659291142285688e-08,1.0267815853487246e-07,0.5,0.29685473749998215,0.9457201036031248,2019
2019-02-08,223.53605777818836,288.0405865979494,0.8541124980263435,0.0001562054726142399,4.979668835313379e-07,5.153639272243539e-06,-1.792439987293783e-07,-2.3073344401698934e-09,-9.425787139952415e-10,4.739937378046343e-06,1.5631206837942317e-08,1.5489195178150544e-07,0.5,0.35380673448880773,0.9413970336881691,2019
2019-02-15,352.9060666409353,311.5362345047498,1.2400921024196654,-7.218427807021376e-05,1.3496464153514894e-08,-2.392547714437419e-06,-4.654804889727626e-08,-3.4543736737812166e-09,-3.571601510588647e-09,-2.1515639274375505e-06,1.4412060267359589e-09,-7.070495097994668e-08,0.5,0.4094900154692262,0.9367456363215602,2019
2019-02-22,363.4890434901845,337.4013739065905,1.167694901752168,5.786336542870248e-05,-3.7699493890469764e-07,1.946752707308247e-06,4.16822975295869e-09,-2.6584881862109776e-09,2.247118391885816e-09,1.7346504939353255e-06,-1.0512301711781011e-08,5.772844570168156e-08,0.5,0.463664359628189,0.9320228077271248,2019
2019-03-01,232.32201275433505,363.36536896653126,0.6391053547152844,-6.326212193951004e-05,2.832231984786245e-07,-2.1195907523459193e-06,-7.169147063532337e-07,-2.2304807748336194e-09,-2.550449154937001e-08,-1.682789246279518e-06,9.165840187492638e-09,-5.593637510556578e-08,0.7071067811865476,0.5161560979427414,0.9261937579397856,2019
2019-03-08,200.74325390819368,388.6670456426958,0.5403671607314677,-0.0001825050007693492,-3.191673229354176e-07,-6.0473116287319135e-06,7.785813202028003e-07,-1.301128980323559e-09,1.945447915993856e-08,-5.708724419141684e-06,-9.184680993752805e-09,-1.872556926099392e-07,0.7071067811865476,0.5667760201695842,0.920355502632942,2019
2019-03-15,350.4812650716202,412.7785308887034,0.9175692977769287,0.00025296798577145583,-1.9628018943400203e-07,8.426018325612665e-06,-2.0194160367506362e-07,-5.438149948285991e-10,2.0284710160251036e-09,7.649622054246049e-06,-5.725261185026984e-09,2.521720084635713e-07,0.7071067811865476,0.6153337044791464,0.9145578947972459,2019
2019-03-22,473.22427033971064,441.6574691347303,1.1390264268959684,0.001547514180847514,0.001663161047577007,-5.643272270885905e-06,-2.5655284914535225e-07,-3.2619189502714617e-08,-2.2690547334831115e-09,4.6502391280168635e-05,4.9904617184161175e-05,-1.6861745170653202e-07,0.7071067811865476,0.6609647227636389,0.9090677559354542,2019
2019-03-29,368.4197888106131,463.00214748602843,0.8523993214977699,0.0005805493661160191,-0.00033676935313296954,2.374121363055221e-06,8.543987706494524e-07,-2.5759923310602223e-08,2.3634895030869627e-09,1.7160161352286673e-05,-1.0095352616996346e-05,7.051459404073093e-08,0.8038438374702043,0.7065332816753719,0.9058117648850202,2019
2019-04-05,348.69281507145075,435.2231858849278,0.8471715234372807,-0.0023392256220359908,-0.0006696734601621946,-4.2864970357115415e-06,-1.2590138374577618e-06,6.316391892539075e-07,-6.2755268188368555e-09,-6.97990645098417e-05,-2.0279695561641504e-05,-1.2671225302569498e-07,0.8660254037844386,0.7469683045035178,0.8799760568195418,2019
2019-04-12,344.90849392253284,423.6077446025342,0.8929468232169703,-0.001682611674431353,-0.0017666438334494174,2.240549315124506e-06,6.816936146889318e-07,-5.540022742472662e-07,1.091133262630389e-08,-5.068285831734748e-05,-5.2833114321209075e-05,6.394307966584568e-08,0.8660254037844386,0.7916123742447991,0.8632468723360303,2019
2019-04-19,395.51711429194484,503.0339989817833,0.8329563026009209,-5.700291656099472e-05,1.252410688102846e-07,-1.9011942922950942e-06,-6.974384985934885e-09,1.639481630021859e-09,-2.174918727184577e-09,-1.7079951813333172e-06,3.2653875756776752e-09,-5.6383353150696816e-08,0.8660254037844386,0.8214267184863683,0.8841168485849397,2019
2019-07-12,535.1936537019419,552.1534015776047,1.0184428420012384,0.0002610744427613068,3.759973169749923e-07,8.653395846697446e-06,-1.0116857822981739e-07,1.3001095841880928e-08,4.180553779347257e-09,7.862583856307157e-06,7.379590756956553e-09,2.5834770926711955e-07,0.9659258262890682,0.9915083469816467,0.8738840790182354,2019
2019-07-19,498.9241268759898,534.3342094622924,0.9552991578659591,-0.00016627670692057587,2.6727258488400725e-07,-5.520683439182896e-06,7.924988388304976e-08,-1.8251382160551474e-09,-2.3592084153457688e-09,-5.0120761727815075e-06,8.56571901102856e-09,-1.6491274065088254e-07,0.9659258262890682,0.9843369669924334,0.8653845321369815,2019
2019-07-26,374.4977987237028,528.7888482097865,0.717851690447161,2.156473861820007e-05,3.186627952874741e-08,7.1263893633949e-07,-9.176484518773856e-09,-1.918717073269235e-09,3.961117210269074e-10,6.496951039014789e-07,1.5316035084505287e-09,2.1260334573877193e-08,0.95169573828089,0.9720003796581895,0.8691723505480471,2019
2019-08-02,425.20357171721076,523.6527022793372,0.8277326676972006,0.00017480906849480016,-3.599218844199329e-07,5.811188735069614e-06,-1.8191111912927224e-06,-1.8537423427250416e-09,-5.4152367418168985e-08,5.790005412231425e-06,-1.0241533830354991e-08,1.9058137227753818e-07,0.8660254037844387,0.9561109644599308,0.8740528564498434,2019
2019-08-09,376.3098240285809,515.436272727142,0.7669893610444188,-7.43696186961886e-05,1.1751717885600062e-07,-2.475896946997656e-06,2.156519065190887e-06,-2.0634558167257203e-09,6.861027356448244e-08,-2.8780442804428702e-06,4.1445521108830925e-09,-9.485999047927493e-08,0.8660254037844387,0.9367969709973911,0.8784301383344532,2019
2019-08-16,351.63399130511385,505.057370696539,0.7183849904304538,1.1912028442874284e-05,1.0524894106175707e-07,3.883012069334844e-07,-6.311550199795538e-07,-1.451541624389509e-09,-2.023990503994318e-08,5.467073592800101e-07,3.5929307188970103e-09,1.7721007719987404e-08,0.8660254037844387,0.9140577915565803,0.8834120564021393,2019
2019-08-23,436.45125528372836,491.1032728137091,0.9299956067503977,7.629744384197085e-06,-2.393679965550948e-07,2.684721577174326e-07,3.0790085205254825e-07,-1.045059736002234e-09,1.0443873405360456e-08,1.365220759103049e-07,-6.867521976049193e-09,4.9210027099145205e-09,0.8660254037844387,0.8879910114762191,0.888017130107605,2019
2019-08-30,362.5257941062604,474.96751608647645,0.8138121741968586,-1.770711687965003e-05,6.169204733295496e-07,-6.24826211592736e-07,-2.869440459115835e-08,-1.0914046899801073e-09,-1.5339110527540191e-09,-5.226051850123153e-07,1.883503560631671e-08,-1.828461303195707e-08,0.7529408399011773,0.8587020423022602,0.8930872530066312,2019
2019-09-06,349.5473386469684,456.72723867028554,0.802316397863437,9.202233335617016e-05,-6.496469506994013e-07,3.094610697753743e-06,8.820305542234968e-07,-1.5836158210471665e-10,3.219417236103057e-08,2.4960608344178347e-06,-1.9441900046148394e-08,8.318006922430272e-08,0.7071067811865476,0.8263187559671977,0.8983567860781395,2019
2019-09-13,422.5818946885936,436.82724081845583,1.0339903861169615,-3.9788408463661846e-05,5.715670210918401e-08,-1.325647913676427e-06,-9.54992569527927e-07,-1.7611200454994012e-10,-3.27346147752123e-08,-9.071544830515448e-07,1.7675346647577277e-09,-2.994905297772927e-08,0.7071067811865476,0.7909279709793878,0.9041969241740675,2019
2019-09-20,324.05922224440764,415.9860198898332,0.7787908333679401,-3.0485394245551065e-05,6.211679799385229e-07,-1.0539006450635667e-06,1.9159528515999925e-06,-3.126517944830102e-11,6.148691538052576e-08,-1.489347682846118e-06,1.864441895146653e-08,-5.006309396606569e-08,0.7071067811865476,0.7526683616188727,0.909300351363758,2019
2019-09-27,366.30623781322527,393.6989652341728,0.958127036065098,-6.599779994689472e-05,-6.982144363159695e-07,-2.1440187576955478e-06,-1.917460076622725e-06,1.089590221054048e-09,-6.48546932957135e-08,-1.4046959754202054e-06,-2.127331015523073e-08,-4.4864154742152375e-08,0.6192771027104408,0.7116777826984189,0.9132842262768742,2019
2019-10-04,215.4937698531608,370.3015320278803,0.6127620363027148,0.00021482692080494506,3.468426061318711e-07,7.095385238511978e-06,-1.827275233332286e-07,1.291003289445861e-09,1.0634035927687393e-09,6.499625881148442e-06,1.0017977197446146e-08,2.1254253607752888e-07,0.49999999999999994,0.668105108400507,0.9175552850379987,2019
2019-10-11,286.5999575395847,346.6338373429511,0.9088913754164841,-0.00034771083347032676,-7.080902419480829e-07,-1.150050572919727e-05,2.3097156008575515e-07,2.321738367547968e-09,-4.00972788467868e-09,-1.0500616472135609e-05,-2.1939228768377265e-08,-3.438122535105139e-07,0.5,0.6221318612185234,0.9221400392787088,2019
2019-10-18,151.9957920373242,322.10854524665973,0.4786028359672708,6.53688699360336e-05,1.4854250033346225e-07,2.1717067447464107e-06,1.6204690831644627e-08,2.5097835465679034e-09,2.601911225955636e-09,1.956204690831331e-06,3.7033399462287125e-09,6.437062897460463e-08,0.5,0.5738537834883269,0.9271733622986937,2019
2019-10-25,178.87100611054302,298.4471217245135,0.6235877488340016,-4.25643533543767e-05,-1.1972402155591873e-07,-1.4129561169304446e-06,-1.556039656770173e-08,3.1639366703005577e-09,-1.952836274281272e-09,-1.2722624816609468e-06,-4.5409016478073626e-09,-4.180283262562964e-08,0.5,0.5235141110749187,0.9316323671514392,2019
2019-11-01,120.55706495277143,279.7444762884481,0.4610624069080722,-4.308449627222303e-05,2.9013025655284543e-07,-1.4378235019797635e-06,5.974001147014736e-08,3.569335544694424e-09,5.573565683496599e-10,-1.3104568916077303e-06,7.63310703324109e-09,-4.3301912029898e-08,0.258819045102521,0.47174275176782504,0.9396121011042294,2019
2019-11-08,157.02597653526647,254.65990818309805,0.6215301901628508,-4.956000386809973e-06,3.7609842040178793e-07,-1.6886773654200235e-07,-1.6439415917182236e-08,3.6992643110410158e-09,-7.421785022526375e-10,-1.4374818682909074e-07,1.017317331831209e-08,-4.843378545584378e-09,0.258819045102521,0.41731558220146514,0.9399165799384821,2019
2019-11-15,165.36779251202572,236.761798328582,0.7133166352549754,6.11228387615602e-05,-1.5819086346848386e-07,2.0292440598039133e-06,-2.010454362675531e-09,2.8048789852436827e-09,1.6867052617542059e-09,1.8342882991553647e-06,-5.587189599813459e-09,6.0371310215591e-08,0.258819045102521,0.3618238586125118,0.9434432772669309,2019
2019-11-22,132.2372690827042,222.98412187907442,0.6072871830181639,5.5254131587153097e-05,-3.185989516817858e-07,1.8443918328361436e-06,4.0380417835967557e-07,2.2714628904822436e-09,1.4854264628498435e-08,1.5364826941067538e-06,-1.0239407417696456e-08,5.08754755965345e-08,0.258819045102521,0.3050191621095228,0.9468487065740244,2019
2019-11-29,96.4615592929347,212.52763795594473,0.46248040073605223,-7.984727932931083e-05,-3.3082540605442967e-07,-2.6473593163056443e-06,-3.7112190954249855e-07,1.4982699360497588e-09,-1.4539965883327954e-08,-2.2840818070166248e-06,-1.0374243162151443e-08,-7.505878972417157e-08,0.0745899709733704,0.24709734611668369,0.9499965188255195,2019
2019-12-06,154.00430902534526,206.0057937499891,0.780622079602339,0.0003152958467149307,4.8126127684098074e-08,1.0497380460497879e-05,1.371727178708101e-07,2.4798921125437466e-10,1.3511568909421935e-08,9.417723586086419e-06,1.3693870670044996e-09,3.108679431421094e-07,1.2246467991473532e-16,0.18826690929213216,0.9526412322861967,2019
2019-12-13,125.29050309823513,204.68145010356272,0.6146258934263342,-0.0003864326498832076,1.1676174711308223e-06,-1.2888079863391107e-05,-2.0633272774428998e-07,3.056252016147637e-10,-1.787550333867351e-08,-1.1531079678172555e-05,3.493683657329847e-08,-3.8127974490013006e-07,1.2246467991473532e-16,0.1304069524744017,0.9557405004199376,2019
2019-12-20,96.26661654133238,200.65778333486688,0.5132765655902927,0.00019944164962131753,-2.9520485908659373e-08,6.602912930297031e-06,-6.280059704793618e-07,7.454380241348818e-10,-1.5043614122675257e-08,6.171651279783203e-06,-1.1092459844283525e-09,2.026004721457141e-07,1.2246467991473532e-16,0.06879270422798017,0.9561707520725026,2019
2019-12-27,98.11856137436824,202.50728399362444,0.5033686301912761,-0.00020332068832811044,2.4273013695640557e-07,-6.734912139922397e-06,7.383583484525296e-07,-8.169248864026957e-10,1.8545342750310098e-08,-6.321128154379061e-06,7.526981574847126e-09,-2.0761096702276507e-07,0.07426337876684026,0.01596187907506735,0.9566893027728832,2019
2020-01-03,204.1613718295387,208.8041000641038,1.058196703355107,0.00030443458980044375,-1.1155423895233095e-06,1.0151506980068913e-05,-3.617976312797965e-07,-1.7093051795026153e-09,-3.0807658690489755e-09,9.241576983397102e-06,-3.295348013170441e-08,3.054694391627811e-07,0.25881904510252074,0.05171660100291502,0.9560687379075085,2020
2020-01-10,220.67263800560954,219.287652096765,1.053414370202398,-8.62323423993219e-06,3.325024325463179e-07,-3.1279329029166887e-07,3.636938646453334e-08,-2.990875326951245e-09,1.1489048725882066e-09,-2.6960784313729176e-07,1.0872335574306446e-08,-9.728470170528047e-09,0.25881904510252074,0.11178491303141612,0.9544408073531364,2020
2020-01-17,173.03469678523456,230.58669332758822,0.7746789622280443,-0.000650521765056649,1.7861141183768997e-06,-2.1657970883350345e-05,7.349433512225593e-07,-6.6399303203260754e-09,5.21028675172438e-09,-1.9736135957066286e-05,5.5575402647718315e-08,-6.513022125260269e-07,0.25881904510252074,0.19046323292838674,0.9540835031438547,2020
2020-01-24,119.05943771671478,247.012265502266,0.503595418481029,-6.893673761667288e-05,-4.248095866490975e-07,-2.2746806001879765e-06,-1.4371080053328183e-07,-2.2900838282156642e-09,-6.713527176778627e-09,-2.0249888883400346e-06,-1.2057262450912526e-08,-6.622635985260582e-08,0.25881904510252074,0.23044649545268522,0.9495353873927084,2020
2020-01-31,174.16710636679187,264.74218971075027,0.7148739318752674,0.0003097665351148306,6.625928946203505e-07,1.022040276710103e-05,-6.704388759455022e-08,-2.6764405639131143e-09,7.297007994966227e-09,9.313109219723703e-06,2.0680719007831953e-08,3.044229806145411e-07,0.466112418728446,0.2886230607117335,0.9463893645022388,2020
2020-02-07,213.57314106611722,284.4474968583859,0.8033695056260524,-0.0002903902394443427,-6.086141085406442e-07,-9.580212274218497e-06,2.165966002557241e-07,-2.0092634373289674e-09,-1.721842997913777e-09,-8.776686163407187e-06,-1.765564422503633e-08,-2.8688981532718264e-07,0.5,0.3457452541293297,0.9421763672743854,2020
2020-02-14,263.17286386647567,307.08001646833515,0.9223996944921278,0.0003141641817225036,2.053754850564899e-07,1.0401221870879803e-05,-2.030345553405891e-07,-3.2574867322403444e-09,3.4281444747056233e-09,9.485835818277308e-06,7.138510571492456e-09,3.1100821278398363e-07,0.5,0.40162760015624865,0.9376222804503592,2020
2020-02-21,248.55854044918553,333.3305704574798,0.8402925755048454,-0.00027108824893536527,3.368075373794611e-07,-8.98576076429903e-06,-8.011131255672908e-09,-3.070055599815464e-09,-8.865610016817323e-09,-8.130244128683792e-06,1.1025242801211423e-08,-2.669131399239246e-07,0.5,0.45600335173999634,0.9331218322177198,2020
2020-02-28,240.30538055653383,358.7667957150812,0.6870478640611228,-6.876057700056461e-05,-4.2670375474234824e-07,-2.2691136594060114e-06,1.6641147554182363e-07,-2.0789044288400178e-09,3.21979236481713e-09,-2.112740752679759e-06,-1.2177441313515394e-08,-6.90393474916269e-08,0.6487917603576494,0.5087675510267612,0.9272720377335659,2020
2020-03-06,260.4392663292462,384.7787539744145,0.7259123046464987,0.00010807508823643476,5.300875651492383e-08,3.580411674121946e-06,-3.45188690218934e-08,-1.5774240788229841e-09,2.525654908650092e-09,3.2526083077997123e-06,2.063489919695288e-09,1.0665465375106303e-07,0.7071067811865476,0.5596739130463864,0.9217067896879394,2020
2020-03-13,395.1893105985935,409.0582325231672,1.0249222159512423,0.00014284967710627436,-6.21119924646885e-07,4.7811818163257555e-06,-1.1161297547530057e-07,-5.354936493046272e-10,1.2868870718263871e-09,4.318974205830187e-06,-1.8472949644567277e-08,1.4304938836822598e-07,0.7071067811865476,0.6085396572990952,0.9158239983992655,2020
2020-03-20,374.2165069139218,434.08302734950905,0.9101260415488507,-0.00015340031192194543,2.7502847336822075e-07,-5.119138588267188e-06,3.2280294512470434e-08,-2.0908474317512367e-10,-4.205106864356985e-09,-4.611693446011743e-06,8.313579623733831e-09,-1.5231262558870602e-07,0.7071067811865476,0.6553146942642976,0.9112374171602824,2020
2020-03-27,405.4067606104623,452.73753655000974,0.9125299519547664,0.00021561443263029537,6.646853962971361e-07,7.099349989879946e-06,4.183371099646861e-09,1.6202953551393926e-10,7.375989350632417e-09,6.467177967578755e-06,1.9891953028210527e-08,2.107677028912091e-07,0.7531230990982813,0.6994921492863917,0.903908186049336,2020
2020-04-03,489.8291530429863,468.9751346731639,1.1168182904061459,-6.846271445558013e-05,-8.256508598238389e-07,-2.197250676483132e-06,-4.076779344319312e-08,1.2480184999429154e-09,-3.6340512655500172e-09,-2.0416510956340165e-06,-2.514393134483521e-08,-6.482730491482988e-08,0.8660254037844386,0.7413505529725233,0.8962036181220719,2020
2020-04-10,490.9024530008979,487.66321449951545,1.076049919253186,-9.286065332066436e-05,6.124262053498871e-08,-3.0940580779332516e-06,6.290750630704454e-08,1.251364918498493e-09,-1.1345372927412294e-09,-2.8046918515119613e-06,1.4618691399165155e-09,-9.24813811501756e-08,0.8660254037844386,0.7802686412096073,0.890878436431925,2020
2020-04-17,406.2733520080197,500.9780176523492,0.8422120389194595,-4.704365268889152e-05,4.4157911768966374e-07,-1.5781272489362458e-06,-5.412806062068778e-09,1.4747713717236802e-09,-1.8132759306861097e-09,-1.409685738847993e-06,1.2804942119513104e-08,-4.679983468887996e-08,0.8660254037844386,0.8164915886534395,0.8850180754853494,2020
2020-04-24,326.3107299280307,511.4932159396462,0.6440010973796599,0.00013845530734959594,1.6426019987137882e-07,4.5721908030191495e-06,8.153409976009826e-07,1.7515501616136504e-09,3.1052249347597303e-08,3.909056921207722e-06,4.40234094741986e-09,1.2785004928629546e-07,0.8660254037844386,0.849737609312691,0.8798249416036966,2020
2020-05-01,339.1369350054505,520.6446090865901,0.7000085307765853,-6.972122466370452e-05,-5.738391426311868e-07,-2.2742903950586176e-06,-6.43678860551336e-07,2.1038990677663612e-09,-2.3324976845732534e-08,-1.8985330817455615e-06,-1.7846343998719998e-08,-6.123121879803906e-08,0.9659258262890683,0.879912192239038,0.8749307633081211,2020
2020-05-08,335.8023307090986,527.0966940662363,0.6288394190522746,-6.406548757170258e-05,-6.631852547620593e-08,-2.129165447002187e-06,-1.5893881453157774e-07,1.858211153203252e-09,-7.310419270241791e-09,-1.8742829827919594e-06,-2.5470191104445402e-09,-6.168183762899331e-08,0.9659258262890683,0.9068698092055731,0.8691637761931633,2020
2020-05-15,485.58355208451417,533.7358416333454,0.9776373442363129,0.0001571983867196633,4.728171369380776e-07,5.191007103520644e-06,1.3239420154310241e-07,1.5079148670078923e-09,9.003727831360404e-09,4.676233341126957e-06,1.3732139648350297e-08,1.5302909475621075e-07,0.9659258262890682,0.9306187955439311,0.8650343397864265,2020
2020-05-22,489.5726105966391,537.4907794224617,0.9943894631354072,-1.262918501885705e-05,-4.719327796793356e-08,-4.1421697993268774e-07,-1.9460517603711912e-07,1.508628560791193e-09,-6.884077076796598e-09,-3.2049399775515293e-07,-1.8683869067302573e-09,-1.036128627494181e-08,0.9659258262890683,0.9509353010948486,0.861427477365868,2020
2020-05-29,475.03246819804934,536.8304500993399,0.9462830833050904,-0.0001754461979913918,-1.456574786938834e-07,-5.809981117936265e-06,1.1276901004292343e-07,1.2827859378092268e-09,-1.4901908282220404e-09,-5.297216642754692e-06,-4.754560142610891e-09,-1.7385237628962087e-07,0.9853173065533125,0.9677707550160686,0.8576690765757224,2020
2020-06-05,243.19377853077958,539.141323116866,0.4822825031810008,1.6548497287366083e-05,2.843882256096978e-07,5.426186093762472e-07,-5.25303556561259e-08,8.01237622531144e-10,-1.270494041796952e-09,5.122140253179512e-07,8.291275481667207e-09,1.6659706493825126e-08,1.0,0.9811794446468093,0.8571432444906787,2020
2020-06-12,358.45293231795404,534.4698091301442,0.663305539888558,0.00014517967072297724,-3.872465314125132e-07,4.832522155510003e-06,-1.4883321403009073e-06,5.005980564539195e-10,-4.4859748751703504e-08,4.801889763779559e-06,-1.1767575359302201e-08,1.5843358929081065e-07,1.0,0.9909589719188628,0.853906427556274,2020
2020-06-19,503.0971175762033,536.7580005973282,0.9702865429638717,-0.0001336208368915464,6.600168393788967e-08,-4.4413563911963645e-06,1.1622544833472302e-06,-3.081886481995155e-10,3.446272642750773e-08,-4.357301451750686e-06,2.072507111888808e-09,-1.4357950966414348e-07,1.0,0.9971979398232281,0.8543706737631521,2020
2020-06-26,465.08095985164056,536.3823969874962,0.8488214754368487,-1.945491943777858e-05,-3.206819238683551e-07,-6.395342872369783e-07,3.562450005712762e-07,-5.247967346476568e-10,1.118491812016003e-08,-6.90521083304718e-07,-9.463018695807658e-09,-2.254150405315817e-08,0.9903804998111236,0.9997673638901811,0.8551614787304941,2020
2020-07-03,483.85752018790544,537.8150744587853,0.9882326648427435,0.00018380482518679108,6.039687929202209e-07,6.070184740649931e-06,-3.479153596054247e-08,-1.2174610486616604e-09,4.2382846018588645e-09,5.524582216391521e-06,1.84843021017723e-08,1.8083405683894064e-07,0.9659258262890683,0.9987359047942997,0.8579864780515537,2020
2020-07-10,412.6519966838152,534.4382303373205,0.8145412621525019,-0.00017207160386892048,-5.562634502474828e-07,-5.679904324593475e-06,3.609065973694251e-08,-1.0845043764594732e-09,-3.7978698239386055e-09,-5.172975313988506e-06,-1.6362552194527888e-08,-1.6925776879062187e-07,0.9659258262890683,0.9940576004998036,0.8600614855906342,2020
2020-07-17,477.5689625700256,534.5249822846159,0.9441617943201016,9.74994929447034e-06,1.2356293885304274e-07,3.2111933846220734e-07,-3.419001535643232e-08,-1.7280539007214004e-09,-7.906621618609725e-10,3.02755483440953e-07,4.22530433655081e-09,9.87077880242474e-09,0.9659258262890683,0.9858163349371848,0.8646610301142298,2020
2020-07-24,453.39513171542495,528.4931103638276,0.8953456146921096,1.0272126972845284e-05,4.949085616423289e-07,3.2548372475661703e-07,-3.5237333807243446e-08,-2.080397190250124e-09,-7.950796730109276e-10,3.1873500932712895e-07,1.547137600676666e-08,1.0003035644602654e-08,0.9659258262890683,0.9739389051074528,0.8680505945264165,2020
2020-07-31,378.41951896452383,524.6027236561666,0.7879093323652026,0.00013777950962172414,-4.130460096520791e-08,4.559972799659624e-06,-1.0490977759090508e-08,-1.970618360902342e-09,4.093623149114581e-09,4.13653258197916e-06,-6.479525210757638e-10,1.3557109704505355e-07,0.8804436201491588,0.9586026487047622,0.8732924972215413,2020
2020-08-07,460.66552790227405,517.6251127306764,0.9053153608561724,-0.0001981855947217313,-5.367718681684132e-07,-6.550935345945779e-06,3.848738469077987e-08,-1.7920297023439507e-09,-5.005998619362734e-09,-5.957114057059162e-06,-1.5565547134927544e-08,-1.9502626079256318e-07,0.8660254037844387,0.9397535418330505,0.8779514956151377,2020
2020-08-14,439.8417069693231,506.652906346591,0.8874462764371637,0.00020625431277836864,4.633809875422762e-08,6.860210187464616e-06,-7.653221253300771e-08,-1.6144473763482615e-09,4.361102798811143e-09,6.210589047110603e-06,1.8744771754122216e-09,2.0449797478429557e-07,0.8660254037844387,0.9174824307182635,0.8823684404234543,2020
2020-08-21,438.08470274531516,493.1051075265462,0.9354501322184585,7.762573250048292e-05,5.751337584042199e-07,2.5184936255692343e-06,-6.181982097946513e-08,-1.4336594386217388e-09,6.143671341771848e-10,2.347317921308644e-06,1.7684110583962788e-08,7.537049862682233e-08,0.8660254037844387,0.8919017305565647,0.8869123143847804,2020
2020-08-28,292.25497712055136,478.0403659893873,0.6514210257810649,-0.00010934320074005552,2.1072514325613661e-07,-3.631176777098607e-06,2.193735958770452e-07,-9.806957493879914e-10,3.5716150675778496e-09,-3.3461081009645657e-06,6.615963022655739e-09,-1.1000678783323157e-07,0.7985002152939049,0.8630887782730037,0.8920725221552526,2020
2020-09-04,410.5206034652578,460.2004406851973,0.9211806198260217,-6.596505568611302e-05,-1.1071915815419967e-07,-2.17087841835283e-06,-4.918088620965115e-07,-4.6080773480426526e-10,-1.8256145893916828e-08,-1.8314090119548083e-06,-3.1833324244802112e-09,-5.964950878240993e-08,0.7071067811865476,0.8311337060259938,0.8973720066189709,2020
2020-09-11,422.691964196986,440.42692784683265,1.0084835980391889,5.5624736175601275e-05,1.738312047342038e-09,1.8373281156306232e-06,3.644294357674011e-07,-1.3969003165141e-10,1.3802079443699603e-08,1.5594132545380697e-06,9.405637139952096e-11,5.097921963580969e-08,0.7071067811865476,0.7961638179601082,0.9031494398323736,2020
2020-09-18,323.2496830281642,419.69794304525334,0.7597643497060659,-0.00020579567779960747,-3.6967142270445636e-07,-6.794954665088262e-06,1.5935385287063936e-07,2.7854143244616484e-10,-1.737706415987976e-09,-6.221676489849674e-06,-1.117370511110453e-08,-2.0332732802785246e-07,0.7071067811865476,0.7583042982071766,0.9085558772732503,2020
2020-09-25,178.203261139381,397.65901814644025,0.47340171006296233,8.403693931398442e-05,3.53540098587923e-07,2.773815222251449e-06,6.6867696946927e-07,5.573289494424025e-10,2.467739294412447e-08,2.3205050885794094e-06,1.0439004273480942e-08,7.581123878430562e-08,0.6779806824075423,0.717694157163101,0.9125806759365845,2020
2020-10-02,203.86981244504491,374.44437382315505,0.5673481676581229,9.247320240982632e-05,4.081144926387364e-08,3.0530287587549166e-06,-1.458023628823996e-06,1.3043699627618756e-09,-4.465406357659398e-08,3.21160316094171e-06,8.330324883988275e-10,1.0498708183562545e-07,0.49999999999999994,0.6744828937541582,0.9167715961889761,2020
2020-10-09,238.95440839728366,350.43468830296587,0.6940005326784705,-8.612794338932157e-05,-9.584146831645551e-08,-2.8414087261706167e-06,7.564358046284084e-07,1.9968436853993922e-09,2.181279234732237e-08,-2.810769043067916e-06,-3.4742971553171147e-09,-9.178609948931668e-08,0.49999999999999994,0.628821522932366,0.9214246786272438,2020
2020-10-16,232.66658103464962,326.2587638914962,0.7548526623842112,-3.658960027100286e-05,-7.64006253788291e-07,-1.1897771733112608e-06,7.960704607048133e-08,2.7652434170605196e-09,1.391616425832507e-09,-1.1215701219515483e-06,-2.3749760638724057e-08,-3.611080012708741e-08,0.5,0.5808776813272848,0.9263784871093825,2020
2020-10-23,177.17403569753202,302.24173330626763,0.5859441125191832,-3.973032714411955e-05,-1.3839247213678198e-07,-1.3189596744437667e-06,8.090185676329097e-08,3.085134984335857e-09,1.3390582616420886e-09,-1.216180371352568e-06,-5.077314659470998e-09,-3.9970507711806334e-08,0.5,0.5307886358195714,0.9307196876605742,2020
2020-10-30,173.76153011969924,279.54569493465,0.6427911238403619,4.6602835573559154e-05,-7.951318235527676e-08,1.5534962239194917e-06,-2.3062051187621685e-06,3.518779151069458e-09,-7.470867727540538e-08,2.0899466028354387e-06,-3.441029215986162e-09,6.901748990020706e-08,0.3287730681557808,0.47884446565468824,0.9355435867298936,2020
2020-11-06,197.59352928138915,258.1297475128533,0.7975778839617261,-4.761904761903983e-06,9.78356880007475e-07,-1.840553346123417e-07,2.2009408602149147e-06,3.469292475221782e-09,7.235221337964128e-08,-8.031394009215607e-07,2.8309918657861738e-08,-2.722732405226146e-08,0.258819045102521,0.4251232260230048,0.9392998531483666,2020
2020-11-13,214.77055544172936,236.2004242209412,0.9742138703847045,7.818208176283071e-05,-4.3260159858898354e-07,2.60280106825224e-06,6.088721368504605e-08,4.7109251973838685e-09,4.1752341059174155e-09,2.3271962887793123e-06,-1.439132551667881e-08,7.683146181579259e-08,0.258819045102521,0.36417567948516943,0.9490437702784446,2020
2020-11-20,170.12557744473324,224.79582946641267,0.788322795065094,-5.0767798976267786e-05,-8.504386090783092e-07,-1.6597770324446441e-06,-4.187994416003029e-08,2.538830828722108e-09,-2.8892567379105827e-09,-1.5104699860397527e-06,-2.627480752107014e-08,-4.8926533951965796e-08,0.258819045102521,0.3132093955838645,0.9463059684352478,2020
2020-11-27,104.240275787106,213.7523870306093,0.49481853709498635,6.224728665673799e-06,1.1433341672489955e-07,2.042029742840881e-07,-6.96956799318457e-08,1.5318291903853352e-09,-2.1692720390003004e-09,2.0765056394984031e-07,2.9704537451433697e-09,6.776870840223042e-09,0.1486873829015228,0.25543498119078795,0.9495256480851724,2020
2020-12-04,122.94786085814687,206.51572885814244,0.6101445464329948,0.00024350282485875702,3.457176354983515e-07,8.083138253941832e-06,-2.9823989569739864e-07,3.979638092126208e-10,-2.940544946003694e-09,7.394556714472007e-06,1.025213992219894e-08,2.433763111020563e-07,1.2246467991473532e-16,0.196721671635698,0.9522927013880712,2020
2020-12-11,87.6159812992339,203.2005451744907,0.4548125175334199,-0.00031334651507661877,-1.0720337221145594e-07,-1.0412693176415835e-05,3.41077607513554e-07,-1.2106857396592907e-10,2.353266753323311e-09,-9.502718734552654e-06,-3.1797805941715474e-09,-3.1308677531847174e-07,1.2246467991473532e-16,0.1372935470270832,0.9543054302561101,2020
2020-12-18,84.76976309148847,200.95811167207017,0.453102162032252,1.911366524838369e-05,3.881904356235896e-07,6.283973075858526e-07,3.9233022047751044e-08,8.970728655727375e-10,1.8103822384102513e-09,5.616400508372025e-07,1.1376591209042813e-08,1.8308804556052466e-08,1.2246467991473532e-16,0.07738544141124847,0.9559473123128257,2020
2020-12-25,111.14235147324472,201.98536118263604,0.5664375609307483,-3.2050434974122117e-05,-4.669035504446535e-07,-1.0576765063232387e-06,-6.056601695702034e-09,-3.5459540051873905e-10,-1.0897926826201886e-09,-9.596960687149736e-07,-1.3900727892735823e-08,-3.140335738491006e-08,1.2246467991473532e-16,0.017165320348026168,0.9566518371573355,2020
2021-01-01,93.99484820062567,207.52658805508946,0.46672832896606564,0.00016805231453844913,3.1150284379977766e-07,5.577170914422443e-06,-7.543278884244003e-08,-1.9165384317243745e-09,2.3459299649203567e-09,5.064199272806191e-06,9.920046843449189e-09,1.6661134844319816e-07,0.25881904510252074,0.03451359966146735,0.9562372036742159,2021
2021-01-08,143.75858257569834,217.32400467553748,0.7015075506406983,-0.00015216907675194748,3.600696220329808e-07,-5.0588352758509224e-06,9.587372212514899e-08,-2.977414320263867e-09,-1.1643885175643075e-09,-4.593834419195705e-06,1.169531295729617e-08,-1.5141574172025644e-07,0.25881904510252074,0.09466161099361027,0.954771115079076,2021
2021-01-15,141.3389755907519,230.02752939848554,0.6580602656028063,0.0001149229188078106,-8.762239545857511e-07,3.842583749814157e-06,-5.035971223010862e-08,-2.009233504852304e-09,1.8183817464207178e-09,3.462795477903591e-06,-2.5683948586225144e-08,1.1473199797049847e-07,0.25881904510252074,0.15443757517091675,0.9525945268253742,2021
2021-01-22,152.24072975356486,244.52242970477312,0.6199702887711602,-6.56580712475777e-05,1.1463389020583316e-06,-2.2164281706383456e-06,1.1427435782776972e-07,-2.720697115819589e-09,1.8147771283226784e-09,-2.0040244447760875e-06,3.520637619661985e-08,-6.703727825764668e-08,0.25881904510252074,0.21366055069366327,0.9500151570507068,2021
2021-01-29,97.37274841450804,261.7603917832722,0.3971387195602267,4.872678537239202e-05,1.625233856776138e-07,1.6055455726904111e-06,8.563086348840113e-07,-2.486639633087563e-09,2.9560706477168525e-08,1.2049109707064717e-06,5.621693460447057e-09,3.9298155237561976e-08,0.39776476466723737,0.2720990246756137,0.9469763291241738,2021
2021-02-05,148.00333982783573,281.0970588552693,0.5371639795246178,1.7355295849820562e-05,-4.885051821771371e-07,5.928020583786062e-07,-5.433882396245744e-07,-2.0757243776465806e-09,-1.7100851537368383e-08,6.836753473816549e-07,-1.4032438152241168e-08,2.2914317212568567e-08,0.5,0.3295440013079683,0.9429460233505101,2021
2021-02-12,224.79171625511677,302.79779546815143,0.7822558340194139,-1.0248255146214228e-05,2.0931535475457727e-07,-3.475603052434545e-07,-3.6708189769406174e-07,-2.9681996774084365e-09,-1.2276025255768962e-08,-1.973230850779931e-07,7.1699205457432386e-09,-6.744001580573568e-09,0.5,0.38580092979130787,0.9384169414124571,2021
2021-02-19,247.8404387665198,246.12320730152138,0.9665062072320246,0.03549568281938326,0.03548524558867407,-1.0715160796190798e-05,2.8281938325992575e-06,4.484293155905941e-06,-6.307644190799932e-08,0.0010640220264317198,0.0010632120797134503,-3.025318913133234e-07,0.5,0.4171936026123168,0.8768096687551127,2021
2021-02-26,250.72893417609265,361.58638345417205,0.7208536752578317,-0.0035402377386746543,-0.003770868741798629,8.84414277756213e-06,-5.25084238113359e-07,-4.881310640680574e-07,7.523726608665887e-09,-0.00010604960688880547,-0.00011297962293473827,2.630671653442669e-07,0.7071067811865476,0.5086868192706495,0.9266011525893608,2021
2021-03-05,269.1316629362449,379.9253867390043,0.7133791119812368,-0.00018968609865471005,7.03415927482086e-07,-6.311236333969445e-06,6.161045038043978e-08,-1.95900680402063e-09,-4.293013811243956e-09,-5.709066094755628e-06,2.169017986573926e-08,-1.8804918587571094e-07,0.7071067811865476,0.5453211347878126,0.9223906261416636,2021
2021-03-12,259.32031711402703,413.14539220309985,0.8102630421974683,0.0003290711123519286,4.596820941311089e-08,1.0865429993490096e-05,-3.8168547840285753e-07,-1.0158189234407542e-09,-1.335264189639376e-09,9.986639014078875e-06,1.6837919597362345e-09,3.263634790615951e-07,0.7071067811865476,0.5950123933588786,0.921281402858427,2021
2021-03-19,476.52550262803237,452.10786390889996,1.293033530877073,-0.00017266037735848803,-1.529685949857447e-06,-5.576542591267891e-06,7.952830188682211e-07,1.1938225603261753e-10,2.0346966972793685e-08,-5.418396226414367e-06,-4.5926393172531545e-08,-1.7340036782987464e-07,0.7071067811865476,0.6491155745848967,0.9139449537853975,2021
2021-03-26,456.60943156640275,448.58994478764,1.075208946149198,-3.625800580968088e-05,-2.6589089736644734e-07,-1.1848799932700513e-06,-3.184824834631656e-08,4.6351058029440204e-10,-2.2905474206339035e-09,-1.0781856997868083e-06,-8.115780094775412e-09,-3.485923557191282e-08,0.730132823168673,0.6870687171336781,0.9047015148761743,2021
2021-04-02,469.9027787499576,467.5797706964867,1.0544218523708044,6.114898090684007e-05,5.366950453717758e-07,1.986625676255497e-06,-1.1327025468860706e-07,5.934245102704566e-10,-1.749294037732073e-09,1.868450503612058e-06,1.5922824008310088e-08,6.012355849898502e-08,0.8660254037844386,0.7295502505525598,0.8978728228597421,2021
2021-04-09,390.17562806239783,484.23692619314136,0.8520591163758388,8.25017290781825e-06,-5.439878056900719e-07,3.2383134092884685e-07,8.177716299446902e-07,1.4294272217400914e-09,2.7153642848287593e-08,2.1736982513886294e-09,-1.674846233706863e-08,1.5688473733783476e-09,0.8660254037844386,0.7693903186953777,0.8914709756018522,2021
2021-04-16,470.3107855536716,505.793676973377,0.982105635109194,5.731950668978502e-05,8.961730409978992e-05,-3.393642936765779e-06,-3.7711406980931417e-06,-8.12295831472055e-06,1.1011106296095076e-07,2.8509274101210107e-06,5.125406617409875e-06,-1.3484260699125856e-07,0.8660254037844386,0.8063612458004579,0.8870393999163478,2021
2021-04-23,413.3751137995905,510.63227706344037,0.8161505458095465,-0.0002729506407658012,-8.549100851198913e-05,-4.031744298217163e-06,2.967790215459817e-06,7.745931822664188e-06,-1.329860298466062e-07,-9.078856287611821e-06,-4.888509802159144e-06,-8.105651999253241e-08,0.8660254037844386,0.8405592774028114,0.880956089803234,2021
2021-04-30,258.59029116988995,518.4824542442441,0.5323244305345924,-2.447972538081883e-05,6.684905815637292e-07,-8.203523243193289e-07,7.693014987525968e-08,1.6011965063271965e-09,1.7247539565087299e-09,-7.574708063874993e-07,1.9574358495200133e-08,-2.512799591653186e-08,0.9517063895614654,0.8715961790286948,0.8756194543573294,2021
2021-05-07,339.0803519849111,526.6283120120395,0.6682410636914504,0.000199015029040177,-3.9226685364558143e-07,6.613740670370475e-06,-1.6534938027666397e-06,2.005530527702898e-09,-4.826744392553786e-08,6.46649901203489e-06,-1.236966476817285e-08,2.1289245328877645e-07,0.9659258262890683,0.8995289903992398,0.8702176568173773,2021
2021-05-14,264.9959453150231,530.2583972361876,0.5386377160262715,-0.00014069742867206777,2.6263846688803164e-07,-4.683276575343954e-06,1.9080662205003185e-06,1.9709031323954335e-09,5.835490936128011e-08,-4.793342726311841e-06,7.287883067198487e-09,-1.580047700687032e-07,0.9659258262890683,0.9224579885709038,0.8636008167152496,2021
2021-05-21,413.493298281172,530.9222722700291,0.8085239944292494,0.0001652065118196003,-2.1847268930793876e-07,5.495752195643161e-06,-4.1508434159761316e-08,1.6486458420736073e-09,3.4960327017503477e-09,4.968647884835546e-06,-7.048774431639986e-09,1.638237560587703e-07,0.9659258262890683,0.9453555305268749,0.8596019475069325,2021
2021-05-28,481.6134114228019,535.9816800059409,0.9410199994205733,-0.00012782370733112588,-6.269683358773918e-09,-4.245713312952673e-06,9.102693360260033e-08,1.285886497295164e-09,-8.642195630670427e-10,-3.862019300014538e-06,-5.738564498515124e-10,-1.2711213351965965e-07,0.9803741004364086,0.9632911200883266,0.8577843055344112,2021
2021-06-04,349.2718813998704,527.9402343554618,0.6547483899675803,4.04465916455538e-05,-6.535980264448457e-08,1.3478706683057892e-06,-5.449832086277746e-08,1.0227093524706814e-09,-6.704476374446749e-10,1.2297472456253134e-06,-2.267606885106618e-09,4.06372543404068e-08,1.0,0.9776634468347515,0.85266113657745,2021
2021-06-11,544.0790836964495,539.4775762539153,1.0726319627786636,-0.0001460751335613532,4.2063122882443817e-07,-4.859405850872889e-06,-9.610764055753563e-09,3.1910811072823746e-10,-4.5399829323056984e-09,-4.379370777623741e-06,1.2523204431041309e-08,-1.4442018064649505e-07,1.0,0.9885221712985927,0.8558384204290318,2021
2021-06-18,410.58235650943806,538.2508179538302,0.6840846081484739,5.344309680344526e-05,-1.8249264623891192e-07,1.773104464602043e-06,7.027884833326254e-08,-1.4587225474916766e-10,3.842774867732664e-09,1.582209249603209e-06,-5.431017711096773e-09,5.204030147774225e-08,1.0,0.9957554330424918,0.8551470309456853,2021
2021-06-25,357.8816727428571,536.4455760203069,0.6956120087894803,0.0001539428571428574,-4.2451781565347597e-07,5.140793193298885e-06,-6.999999999990907e-08,-4.1947622633428345e-10,2.2082665937613133e-09,4.639285714285763e-06,-1.2609691601662371e-08,1.5356131582083812e-07,0.995193594411118,0.9993973937012814,0.8549158545208182,2021
2021-07-02,280.40547502426216,537.4699028820286,0.5771501351991202,-0.00017797282639721548,6.082574580297291e-07,-5.94087712111065e-06,6.736313295647743e-08,-1.1606865451105728e-09,-2.962378775782784e-09,-5.35939373180374e-06,1.8595929705268044e-08,-1.7733760000058522e-07,0.9659258262890683,0.9994045554278329,0.8572151540340991,2021
2021-07-09,341.0241275204824,537.4495737273231,0.6397074588201389,3.6805953062380278e-06,9.281380583623725e-08,1.198756082742043e-07,-7.527189467665426e-08,-1.2672585712271481e-09,-2.3368078759755186e-09,1.3299942758983115e-07,3.1645917467786426e-09,4.297310611018996e-09,0.9659258262890684,0.9957686868127974,0.8605882081450024,2021
2021-07-16,506.9402957094946,535.0761700090932,0.9968640978257088,5.274372614779665e-05,-1.8560027114121405e-07,1.750414296344882e-06,-7.343587371343076e-08,-1.5563368578595044e-09,-7.785990805490889e-10,1.604342546548067e-06,-5.101107076956828e-09,5.2746008614511925e-08,0.9659258262890683,0.9885336865284111,0.8639931053051834,2021
2021-07-23,401.4314938958021,530.4567200873373,0.7798782568463999,6.947606860236073e-05,1.521326536256286e-07,2.290689793562675e-06,1.2326067131455678e-07,-1.9071384932653867e-09,6.253365873369574e-09,2.0473038566756908e-06,5.136121156238436e-09,6.684468404486968e-08,0.9659258262890683,0.977723231731104,0.8676790616621667,2021
2021-07-30,295.3207671795889,524.0651028264137,0.5859758858413457,-8.663323222919606e-05,-4.6359655631760845e-07,-2.8479456010559012e-06,-9.309588876138043e-09,-1.7938972217950477e-09,-2.8899145849511927e-09,-2.596204090212944e-06,-1.3369727522484987e-08,-8.457139365619241e-08,0.8946583847263344,0.9633444860451887,0.8718577149929874,2021
2021-08-06,402.2679062289871,517.7242108868555,0.7865049375687388,-6.95335900727444e-05,-2.6528176400143154e-07,-2.3079225327162353e-06,-8.252338162979573e-09,-1.9113288392548423e-09,-2.4634449812397413e-09,-2.0835320007333375e-06,-7.385054268317429e-09,-6.849864248711411e-08,0.8660254037844387,0.9454775551176883,0.8766788315329923,2021
2021-08-13,432.76981079539553,509.2570997377096,0.8694886643051368,0.0001673449672795277,4.5041815126485947e-07,5.5456201747512475e-06,-1.7762542848222337e-07,-1.8768481992807892e-09,-2.9163943131718926e-10,5.073636646930395e-06,1.4075598997683836e-08,1.6645609707193287e-07,0.8660254037844387,0.924202228433103,0.8817911191391402,2021
2021-08-20,437.8412327724103,496.0160894397194,0.885623565349899,2.2381470343591228e-05,4.128560292224472e-07,7.108535626461652e-07,5.470599526527831e-08,-1.4053928111354255e-09,2.5996298770693784e-09,6.550323117283966e-07,1.2807298720027923e-08,2.0545717916263617e-08,0.8660254037844387,0.8995653911814059,0.8862760578557624,2021
2021-08-27,465.1061036501151,480.770193136993,1.030339909738945,-0.00014632028937849612,-6.150795750178289e-08,-4.830361464453298e-06,3.768497204868099e-07,-9.251102550871261e-10,7.49089038092404e-09,-4.502663597500992e-06,-1.567705648826173e-09,-1.4715811104787603e-07,0.8210724938341901,0.8716417338631205,0.8911553614662208,2021
2021-09-03,388.8384031230946,463.32212399627826,0.85340047399952,5.32145518596291e-06,-5.78420206046296e-07,1.9272693640761775e-07,-3.411015513853451e-07,-3.384948316620431e-10,-1.0955283440805368e-08,2.6197412099474387e-07,-1.7251057731492798e-08,9.068393124471639e-09,0.7071067811865475,0.8405761415815383,0.8963991240005318,2021
2021-09-10,302.87563633184106,443.83229822873255,0.7156590053135523,1.4979714605485144e-05,1.1047562610480224e-07,4.940388940226455e-07,1.5039171796280257e-08,-2.2294930211891648e-10,1.0080713687688346e-09,4.448796866252924e-07,3.381153574272085e-09,1.4518745410048816e-08,0.7071067811865476,0.8064572897465432,0.9020926188443703,2021
2021-09-17,306.7890635460704,423.3158248228291,0.741585010662839,0.0001380993707962661,-2.273689966211426e-07,4.6017961390328354e-06,-1.3271136182805868e-07,1.2330085993744223e-10,3.5139224272017534e-10,4.1827945324368615e-06,-6.85806015640514e-09,1.3794846649816894e-07,0.7071067811865476,0.7694077823661051,0.9077328376828898,2021
2021-09-24,348.0255414053652,401.5514323529762,0.90533353720328,4.6460939255486354e-05,3.5643960945296256e-07,1.5135495813921383e-06,1.5841509999228377e-07,4.4805381498370077e-10,6.706976742891299e-09,1.3463036476666201e-06,1.0558772138895833e-08,4.339439441889784e-08,0.7071067811865476,0.7295698197682869,0.9118807825319993,2021
2021-10-01,257.2270179896647,378.498807741022,0.6959656287961465,7.411897268523986e-05,-1.601396403587172e-07,2.4756060110788443e-06,1.4648171892620804e-07,1.2691898796216572e-09,7.214632441606096e-09,2.1796246648800426e-06,-5.184946174295502e-09,7.210379059988341e-08,0.49999999999999994,0.6870858308497547,0.9159959034108655,2021
2021-10-08,296.6527264670777,354.597477942935,0.909267694775753,-9.594540020999907e-05,6.083469597507607e-07,-3.2372710191247242e-06,-2.4876827396779126e-07,1.6049700568244556e-09,-1.1600345898853193e-08,-2.803731524109577e-06,1.7768917775724627e-08,-9.363802680408727e-08,0.49999999999999994,0.6421088104337231,0.9205691284294628,2021
2021-10-15,308.4498498702876,330.3969733750513,0.9881396338270779,1.2311895754518819e-05,-4.4995046046645877e-07,4.4609513327124984e-07,1.6813787305562882e-07,2.554756125574437e-09,5.758357220370515e-09,3.1891551071831053e-07,-1.4264940651370242e-08,1.165534683202712e-08,0.5,0.5947996961652601,0.9255297023773692,2021
2021-10-22,300.55268984420564,306.5817081624089,1.0395741720107845,-6.929378778585798e-05,-2.5262418470503865e-08,-2.295911698084184e-06,2.172960658894818e-07,2.9471431974342996e-09,4.694714100955965e-09,-2.144002453342985e-06,-1.6420155129215824e-09,-7.028576517281131e-08,0.5,0.5453312783177032,0.9300377713772418,2021
2021-10-29,170.14653982760137,286.6412430978907,0.6094071110780823,-0.00023895847904876956,5.324808284368424e-07,-7.94041637304542e-06,-6.066001144530243e-07,3.18215854174797e-09,-2.7580369974105705e-08,-6.986774337127407e-06,1.5019777290753112e-08,-2.2993838019913163e-07,0.404398672802767,0.5012951274220416,0.9340542761102981,2021
